mean_intensity,std_intensity,median_intensity,min_intensity,max_intensity,q25_intensity,q75_intensity,edge_density,malware_family
100.573486328125,28.728940489244966,104.0,0.0,148.0,88.0,123.0,123.0,Swizzor.gen!I
100.1162109375,26.11004676160128,105.0,11.0,147.0,90.0,120.0,57.0,Swizzor.gen!I
101.3857421875,21.818232856856962,102.0,0.0,144.0,96.0,112.0,109.0,Swizzor.gen!I
96.427978515625,29.794243761896162,95.0,0.0,152.0,82.0,122.0,186.0,Swizzor.gen!I
104.39453125,28.997737138529853,111.0,0.0,150.0,93.0,125.0,77.0,Swizzor.gen!I
101.687255859375,27.66213909207637,105.0,0.0,148.0,91.0,123.0,106.0,Swizzor.gen!I
101.90478515625,28.184991860292946,104.0,0.0,152.0,85.0,125.0,76.0,Swizzor.gen!I
103.58154296875,27.563344855994846,108.0,17.0,161.0,93.0,124.0,25.0,Swizzor.gen!I
102.872802734375,29.652539983890797,109.0,0.0,152.0,90.0,125.0,134.0,Swizzor.gen!I
100.983642578125,32.56636067584348,111.0,4.0,159.0,84.75,125.0,103.0,Swizzor.gen!I
100.50732421875,29.382370170300586,105.0,2.0,161.0,87.0,124.0,115.0,Swizzor.gen!I
100.271484375,29.223003155419036,104.0,3.0,155.0,86.0,124.0,71.0,Swizzor.gen!I
102.932373046875,30.83646011296264,109.0,0.0,161.0,87.0,127.0,156.0,Swizzor.gen!I
105.84716796875,27.708453234554145,110.0,0.0,154.0,96.0,126.0,118.0,Swizzor.gen!I
96.3173828125,28.548835123351875,95.0,0.0,150.0,82.0,123.0,134.0,Swizzor.gen!I
85.806396484375,45.025783283101944,103.0,0.0,160.0,53.0,121.0,614.0,Swizzor.gen!I
102.71630859375,27.21848248373281,104.0,6.0,151.0,89.0,124.0,120.0,Swizzor.gen!I
103.83935546875,28.755342132325246,110.0,5.0,157.0,92.0,125.0,117.0,Swizzor.gen!I
81.2919921875,46.44817859991863,98.0,0.0,160.0,43.0,118.0,809.0,Swizzor.gen!I
102.380859375,30.402740432796097,108.0,0.0,162.0,89.0,125.0,133.0,Swizzor.gen!I
95.545166015625,25.804590023502264,95.0,0.0,144.0,89.0,107.0,153.0,Swizzor.gen!I
101.88671875,29.87792316005914,106.0,0.0,160.0,89.0,125.0,139.0,Swizzor.gen!I
103.0849609375,28.850429352552087,106.0,0.0,153.0,90.0,126.0,144.0,Swizzor.gen!I
101.3681640625,30.562191686654828,107.0,1.0,154.0,89.0,125.0,137.0,Swizzor.gen!I
105.3037109375,27.71525389977409,112.0,0.0,155.0,92.0,126.0,88.0,Swizzor.gen!I
104.0244140625,27.892448113531596,109.0,0.0,153.0,92.0,125.0,143.0,Swizzor.gen!I
98.69091796875,28.722187218428516,98.0,0.0,156.0,84.0,123.0,125.0,Swizzor.gen!I
97.8876953125,26.587416346265492,101.0,12.0,146.0,86.0,119.0,34.0,Swizzor.gen!I
103.718017578125,27.151202918068446,108.0,3.0,150.0,93.0,124.0,82.0,Swizzor.gen!I
85.35693359375,43.81490209146487,99.0,0.0,162.0,57.0,120.0,668.0,Swizzor.gen!I
100.064208984375,34.3035483009331,112.0,7.0,162.0,83.0,125.0,202.0,Swizzor.gen!I
104.550048828125,27.986410886956428,109.0,0.0,151.0,95.0,125.0,85.0,Swizzor.gen!I
105.6005859375,29.503378706945195,114.0,0.0,160.0,94.0,126.0,145.0,Swizzor.gen!I
104.519775390625,27.38743117339915,108.0,6.0,150.0,93.0,125.0,127.0,Swizzor.gen!I
100.467529296875,26.587376592867123,106.0,9.0,144.0,92.0,120.0,66.0,Swizzor.gen!I
103.7314453125,27.530552053102237,108.0,16.0,158.0,92.0,125.0,29.0,Swizzor.gen!I
102.990234375,29.78215014287196,109.0,4.0,157.0,89.0,126.0,116.0,Swizzor.gen!I
100.06689453125,30.2520001554102,105.0,0.0,155.0,80.0,125.0,113.0,Swizzor.gen!I
96.950439453125,26.701917848706458,100.0,15.0,144.0,84.0,119.0,21.0,Swizzor.gen!I
101.703369140625,29.27547382289724,105.5,0.0,150.0,88.0,125.0,86.0,Swizzor.gen!I
100.445556640625,30.606387277341636,106.0,0.0,157.0,82.0,126.0,106.0,Swizzor.gen!I
79.937255859375,47.38255133057624,96.0,0.0,154.0,38.0,119.0,836.0,Swizzor.gen!I
97.7880859375,34.75667391297123,108.0,0.0,160.0,78.0,125.0,188.0,Swizzor.gen!I
105.28125,29.879012217503945,113.0,3.0,154.0,96.0,126.0,128.0,Swizzor.gen!I
97.86865234375,37.071692495918604,112.0,0.0,156.0,76.0,126.0,210.0,Swizzor.gen!I
103.859130859375,30.542929406731677,112.0,3.0,159.0,88.0,125.0,160.0,Swizzor.gen!I
99.704345703125,30.206511557772842,102.0,0.0,154.0,84.0,125.0,113.0,Swizzor.gen!I
99.09375,25.629334618143133,102.0,5.0,145.0,90.0,117.0,101.0,Swizzor.gen!I
102.8369140625,28.895678212896126,107.0,0.0,151.0,90.0,125.0,142.0,Swizzor.gen!I
101.88330078125,29.4031788786067,107.0,1.0,151.0,90.0,124.0,179.0,Swizzor.gen!I
121.517333984375,26.78726945774309,127.0,0.0,185.0,119.0,135.0,72.0,Instantaccess
119.333984375,29.97231433026579,127.0,0.0,188.0,118.0,134.0,118.0,Instantaccess
119.3291015625,29.947416363503883,127.0,0.0,188.0,118.0,134.0,118.0,Instantaccess
121.41943359375,26.709745435733453,127.0,0.0,185.0,119.0,134.0,73.0,Instantaccess
121.553955078125,26.799248600815183,127.0,0.0,185.0,119.0,135.0,72.0,Instantaccess
119.322509765625,29.925179177060937,127.0,0.0,188.0,118.0,134.0,118.0,Instantaccess
121.620849609375,26.826310270248943,127.0,0.0,185.0,119.0,135.0,73.0,Instantaccess
121.4775390625,26.80705406884607,127.0,0.0,185.0,119.0,134.0,72.0,Instantaccess
121.4228515625,26.73689817274699,127.0,0.0,185.0,119.0,134.0,74.0,Instantaccess
121.517578125,26.78244752999661,127.0,0.0,185.0,119.0,135.0,72.0,Instantaccess
119.322509765625,29.938661922094173,127.0,0.0,188.0,118.0,134.0,118.0,Instantaccess
121.478759765625,26.792670734781996,127.0,0.0,185.0,119.0,134.0,72.0,Instantaccess
121.589111328125,26.8604133487359,127.0,0.0,185.0,119.0,135.0,73.0,Instantaccess
119.309814453125,29.97291194648111,127.0,0.0,188.0,118.0,134.0,118.0,Instantaccess
121.608642578125,26.827591060375106,127.0,0.0,185.0,119.0,135.0,72.0,Instantaccess
119.2841796875,29.923377144261515,127.0,0.0,188.0,118.0,134.0,118.0,Instantaccess
121.47265625,26.77968625785851,127.0,0.0,185.0,119.0,134.0,72.0,Instantaccess
121.458740234375,26.79205508355958,127.0,0.0,185.0,119.0,134.0,72.0,Instantaccess
121.48876953125,26.784748000290605,127.0,0.0,185.0,119.0,134.0,73.0,Instantaccess
119.365966796875,30.047327641268033,127.0,0.0,188.0,118.0,134.0,118.0,Instantaccess
119.218994140625,29.918641969004824,127.0,0.0,188.0,118.0,134.0,119.0,Instantaccess
121.48193359375,26.791306195619974,127.0,0.0,185.0,119.0,134.0,73.0,Instantaccess
119.3115234375,29.94725382638011,127.0,0.0,188.0,118.0,134.0,118.0,Instantaccess
121.426513671875,26.723052836167103,127.0,0.0,185.0,119.0,134.0,72.0,Instantaccess
121.590087890625,26.82785999053899,127.0,0.0,185.0,119.0,135.0,72.0,Instantaccess
121.478515625,26.767071205524726,127.0,0.0,185.0,119.0,134.0,72.0,Instantaccess
119.3662109375,29.93702163791942,127.0,0.0,188.0,118.0,134.0,118.0,Instantaccess
119.342041015625,29.980762877372804,127.0,0.0,188.0,118.0,134.0,118.0,Instantaccess
120.458251953125,27.47526791396823,127.0,0.0,167.0,118.0,134.0,131.0,Instantaccess
121.498046875,26.751305022448022,127.0,0.0,185.0,119.0,134.0,72.0,Instantaccess
121.4208984375,26.70690696545671,127.0,0.0,185.0,119.0,134.0,72.0,Instantaccess
119.26904296875,29.958522411823253,127.0,0.0,188.0,118.0,134.0,118.0,Instantaccess
121.50244140625,26.7949934451762,127.0,0.0,185.0,119.0,135.0,73.0,Instantaccess
119.24755859375,29.960997496623182,127.0,0.0,188.0,118.0,134.0,116.0,Instantaccess
121.483154296875,26.777534190362566,127.0,0.0,185.0,119.0,134.0,74.0,Instantaccess
121.46337890625,26.764336598970516,127.0,0.0,185.0,119.0,134.0,72.0,Instantaccess
121.4873046875,26.74993310010869,127.0,0.0,185.0,119.0,134.0,73.0,Instantaccess
119.323974609375,29.931452798425195,127.0,0.0,188.0,118.0,134.0,116.0,Instantaccess
121.41845703125,26.715116550499033,127.0,0.0,185.0,119.0,134.0,73.0,Instantaccess
121.60009765625,26.822809789253313,127.0,0.0,185.0,119.0,134.0,72.0,Instantaccess
119.368896484375,29.935940710844395,127.0,0.0,188.0,118.0,134.0,118.0,Instantaccess
121.581787109375,26.84831797443259,127.0,0.0,185.0,119.0,135.0,72.0,Instantaccess
121.562255859375,26.861443368385352,127.0,0.0,185.0,119.0,135.0,72.0,Instantaccess
121.627197265625,26.813099726614368,127.0,0.0,185.0,119.0,135.0,72.0,Instantaccess
121.538330078125,26.745472666394605,127.0,0.0,185.0,119.0,134.0,73.0,Instantaccess
121.4775390625,26.738205332679616,127.0,0.0,185.0,119.0,134.0,72.0,Instantaccess
121.5986328125,26.844632881398255,127.0,0.0,185.0,119.0,135.0,73.0,Instantaccess
121.528076171875,26.779512283363616,127.0,0.0,185.0,119.0,134.0,72.0,Instantaccess
119.336181640625,29.952159437198876,127.0,0.0,188.0,118.0,134.0,118.0,Instantaccess
120.3515625,27.421077045014002,127.0,0.0,163.0,118.0,134.0,131.0,Instantaccess
94.371826171875,46.28229106257634,101.0,0.0,243.0,62.0,129.0,413.0,Dialplatform.B
94.35888671875,38.90359691168485,99.0,0.0,195.0,67.0,125.0,249.0,Dialplatform.B
94.49169921875,45.787664113855826,100.0,0.0,254.0,63.0,127.0,386.0,Dialplatform.B
94.597900390625,46.16596763696463,99.0,0.0,254.0,63.0,129.0,385.0,Dialplatform.B
94.810791015625,45.9152964065447,100.0,0.0,254.0,63.0,129.0,385.0,Dialplatform.B
94.3935546875,46.36989208583191,100.0,0.0,243.0,62.0,130.0,410.0,Dialplatform.B
94.788818359375,45.91727958431377,100.0,0.0,254.0,63.0,128.0,386.0,Dialplatform.B
94.713623046875,46.01701525869365,100.0,0.0,254.0,63.0,128.0,384.0,Dialplatform.B
94.487060546875,46.34385882227874,100.0,0.0,243.0,62.0,129.25,408.0,Dialplatform.B
94.384521484375,46.18924265853121,101.0,0.0,243.0,62.0,129.0,413.0,Dialplatform.B
94.59130859375,45.95940126986488,100.0,0.0,254.0,63.0,128.0,387.0,Dialplatform.B
94.742431640625,45.931848252937456,100.0,0.0,254.0,63.0,128.0,386.0,Dialplatform.B
94.709716796875,45.782481460803965,101.0,0.0,254.0,63.0,128.0,383.0,Dialplatform.B
90.9697265625,48.3225810302516,96.0,0.0,254.0,57.0,127.0,509.0,Dialplatform.B
92.5498046875,40.75898530108856,98.0,0.0,196.0,65.0,123.0,317.0,Dialplatform.B
94.457763671875,45.797998997623644,100.0,0.0,254.0,63.0,128.0,387.0,Dialplatform.B
94.659912109375,45.78411695792849,100.0,0.0,254.0,63.0,128.0,386.0,Dialplatform.B
94.658935546875,46.12180960807142,99.5,0.0,254.0,63.0,129.0,385.0,Dialplatform.B
92.457275390625,47.19938416985971,97.0,0.0,254.0,60.0,127.0,449.0,Dialplatform.B
94.863037109375,46.028842445468,100.0,0.0,254.0,63.0,128.0,386.0,Dialplatform.B
94.828857421875,46.0446640890921,100.0,0.0,254.0,63.0,129.0,387.0,Dialplatform.B
94.509033203125,45.706988794398185,100.0,0.0,254.0,63.0,128.0,389.0,Dialplatform.B
94.553466796875,46.295412382955206,101.0,0.0,243.0,62.0,129.0,411.0,Dialplatform.B
94.748046875,46.078328946795075,100.0,0.0,254.0,63.0,129.0,386.0,Dialplatform.B
94.48779296875,46.156602776792816,100.0,0.0,254.0,62.75,128.0,389.0,Dialplatform.B
94.868408203125,45.931526163500926,100.0,0.0,254.0,63.75,129.0,384.0,Dialplatform.B
94.417236328125,46.00683527870742,100.0,0.0,254.0,62.0,128.0,389.0,Dialplatform.B
94.831787109375,45.900056756858184,101.0,0.0,254.0,63.0,129.0,385.0,Dialplatform.B
94.767578125,45.925430850695584,100.0,0.0,254.0,63.0,129.0,385.0,Dialplatform.B
94.543701171875,45.83364689683581,100.0,0.0,254.0,63.0,128.0,385.0,Dialplatform.B
94.5185546875,45.98237229606115,99.0,0.0,254.0,63.0,128.0,386.0,Dialplatform.B
94.605712890625,45.92848611160078,100.0,0.0,254.0,63.0,128.0,386.0,Dialplatform.B
94.52978515625,45.84538054735686,100.0,0.0,254.0,63.0,128.0,386.0,Dialplatform.B
94.584228515625,46.35201202578379,101.0,0.0,243.0,62.0,129.0,412.0,Dialplatform.B
94.740234375,45.95815758255076,100.0,0.0,254.0,63.0,129.0,387.0,Dialplatform.B
94.584228515625,46.28920145327802,101.0,0.0,243.0,62.0,129.0,411.0,Dialplatform.B
94.87744140625,46.14279825664671,100.0,0.0,254.0,63.0,128.0,388.0,Dialplatform.B
94.88671875,45.91891481373333,101.0,0.0,254.0,63.0,129.0,385.0,Dialplatform.B
94.918701171875,46.05316520355762,100.0,0.0,254.0,63.0,129.0,384.0,Dialplatform.B
94.471923828125,45.79581351987672,99.0,0.0,254.0,63.0,128.0,386.0,Dialplatform.B
94.889892578125,46.13816012494455,100.0,0.0,254.0,63.0,129.0,388.0,Dialplatform.B
94.4443359375,45.704071327258646,100.0,0.0,254.0,63.0,128.0,384.0,Dialplatform.B
94.470947265625,46.22955772556261,101.0,0.0,243.0,62.0,129.0,409.0,Dialplatform.B
94.41064453125,45.73844334030132,100.0,0.0,254.0,63.0,128.0,389.0,Dialplatform.B
94.6162109375,46.46862570278473,101.0,0.0,243.0,62.0,130.0,411.0,Dialplatform.B
94.86181640625,45.95518310825416,100.0,0.0,254.0,63.0,129.0,383.0,Dialplatform.B
94.485595703125,46.004949287250405,99.5,0.0,254.0,63.0,129.0,388.0,Dialplatform.B
94.417236328125,45.801541853000074,99.0,0.0,254.0,63.0,128.0,387.0,Dialplatform.B
94.9775390625,46.115360224455436,100.0,0.0,254.0,63.0,129.0,386.0,Dialplatform.B
94.87744140625,46.08114890146076,100.0,0.0,254.0,63.0,129.0,387.0,Dialplatform.B
108.948974609375,29.745085333339297,112.0,16.0,238.0,99.75,125.0,2.0,Autorun.K
108.948974609375,29.745085333339297,112.0,16.0,238.0,99.75,125.0,2.0,Autorun.K
108.948974609375,29.745085333339297,112.0,16.0,238.0,99.75,125.0,2.0,Autorun.K
108.948974609375,29.745085333339297,112.0,16.0,238.0,99.75,125.0,2.0,Autorun.K
108.948974609375,29.745085333339297,112.0,16.0,238.0,99.75,125.0,2.0,Autorun.K
108.948974609375,29.745085333339297,112.0,16.0,238.0,99.75,125.0,2.0,Autorun.K
108.948974609375,29.745085333339297,112.0,16.0,238.0,99.75,125.0,2.0,Autorun.K
108.948974609375,29.745085333339297,112.0,16.0,238.0,99.75,125.0,2.0,Autorun.K
108.948974609375,29.745085333339297,112.0,16.0,238.0,99.75,125.0,2.0,Autorun.K
108.948974609375,29.745085333339297,112.0,16.0,238.0,99.75,125.0,2.0,Autorun.K
108.948974609375,29.745085333339297,112.0,16.0,238.0,99.75,125.0,2.0,Autorun.K
108.948974609375,29.745085333339297,112.0,16.0,238.0,99.75,125.0,2.0,Autorun.K
108.948974609375,29.745085333339297,112.0,16.0,238.0,99.75,125.0,2.0,Autorun.K
108.948974609375,29.745085333339297,112.0,16.0,238.0,99.75,125.0,2.0,Autorun.K
108.948974609375,29.745085333339297,112.0,16.0,238.0,99.75,125.0,2.0,Autorun.K
108.948974609375,29.745085333339297,112.0,16.0,238.0,99.75,125.0,2.0,Autorun.K
108.948974609375,29.745085333339297,112.0,16.0,238.0,99.75,125.0,2.0,Autorun.K
108.948974609375,29.745085333339297,112.0,16.0,238.0,99.75,125.0,2.0,Autorun.K
108.948974609375,29.745085333339297,112.0,16.0,238.0,99.75,125.0,2.0,Autorun.K
108.948974609375,29.745085333339297,112.0,16.0,238.0,99.75,125.0,2.0,Autorun.K
108.948974609375,29.745085333339297,112.0,16.0,238.0,99.75,125.0,2.0,Autorun.K
108.948974609375,29.745085333339297,112.0,16.0,238.0,99.75,125.0,2.0,Autorun.K
108.948974609375,29.745085333339297,112.0,16.0,238.0,99.75,125.0,2.0,Autorun.K
108.948974609375,29.745085333339297,112.0,16.0,238.0,99.75,125.0,2.0,Autorun.K
108.948974609375,29.745085333339297,112.0,16.0,238.0,99.75,125.0,2.0,Autorun.K
108.948974609375,29.745085333339297,112.0,16.0,238.0,99.75,125.0,2.0,Autorun.K
108.948974609375,29.745085333339297,112.0,16.0,238.0,99.75,125.0,2.0,Autorun.K
108.948974609375,29.745085333339297,112.0,16.0,238.0,99.75,125.0,2.0,Autorun.K
108.948974609375,29.745085333339297,112.0,16.0,238.0,99.75,125.0,2.0,Autorun.K
108.948974609375,29.745085333339297,112.0,16.0,238.0,99.75,125.0,2.0,Autorun.K
108.948974609375,29.745085333339297,112.0,16.0,238.0,99.75,125.0,2.0,Autorun.K
108.948974609375,29.745085333339297,112.0,16.0,238.0,99.75,125.0,2.0,Autorun.K
108.948974609375,29.745085333339297,112.0,16.0,238.0,99.75,125.0,2.0,Autorun.K
108.948974609375,29.745085333339297,112.0,16.0,238.0,99.75,125.0,2.0,Autorun.K
108.948974609375,29.745085333339297,112.0,16.0,238.0,99.75,125.0,2.0,Autorun.K
108.948974609375,29.745085333339297,112.0,16.0,238.0,99.75,125.0,2.0,Autorun.K
108.948974609375,29.745085333339297,112.0,16.0,238.0,99.75,125.0,2.0,Autorun.K
108.948974609375,29.745085333339297,112.0,16.0,238.0,99.75,125.0,2.0,Autorun.K
108.948974609375,29.745085333339297,112.0,16.0,238.0,99.75,125.0,2.0,Autorun.K
108.948974609375,29.745085333339297,112.0,16.0,238.0,99.75,125.0,2.0,Autorun.K
108.948974609375,29.745085333339297,112.0,16.0,238.0,99.75,125.0,2.0,Autorun.K
108.948974609375,29.745085333339297,112.0,16.0,238.0,99.75,125.0,2.0,Autorun.K
108.948974609375,29.745085333339297,112.0,16.0,238.0,99.75,125.0,2.0,Autorun.K
108.948974609375,29.745085333339297,112.0,16.0,238.0,99.75,125.0,2.0,Autorun.K
108.948974609375,29.745085333339297,112.0,16.0,238.0,99.75,125.0,2.0,Autorun.K
108.948974609375,29.745085333339297,112.0,16.0,238.0,99.75,125.0,2.0,Autorun.K
108.948974609375,29.745085333339297,112.0,16.0,238.0,99.75,125.0,2.0,Autorun.K
108.948974609375,29.745085333339297,112.0,16.0,238.0,99.75,125.0,2.0,Autorun.K
108.948974609375,29.745085333339297,112.0,16.0,238.0,99.75,125.0,2.0,Autorun.K
108.948974609375,29.745085333339297,112.0,16.0,238.0,99.75,125.0,2.0,Autorun.K
38.307373046875,47.6472584174649,15.0,0.0,198.0,0.0,72.0,2338.0,Dontovo.A
38.311767578125,47.65191289896298,15.0,0.0,198.0,0.0,72.0,2338.0,Dontovo.A
49.9404296875,48.21198375050666,39.0,0.0,193.0,0.0,91.0,1722.0,Dontovo.A
38.310791015625,47.65095094267775,15.0,0.0,198.0,0.0,72.0,2338.0,Dontovo.A
56.8984375,54.859381119160865,42.0,0.0,212.0,0.0,102.0,1624.0,Dontovo.A
38.303955078125,47.643534614964885,15.0,0.0,198.0,0.0,72.0,2338.0,Dontovo.A
38.310302734375,47.651686782617304,15.0,0.0,198.0,0.0,72.0,2338.0,Dontovo.A
56.90283203125,54.86233509696884,42.0,0.0,212.0,0.0,102.0,1624.0,Dontovo.A
38.30517578125,47.64563029798786,15.0,0.0,198.0,0.0,72.0,2338.0,Dontovo.A
49.95166015625,48.21369269470558,39.0,0.0,193.0,0.0,91.0,1720.0,Dontovo.A
38.311279296875,47.65199294228115,15.0,0.0,198.0,0.0,72.0,2338.0,Dontovo.A
56.8994140625,54.85950752661682,42.0,0.0,212.0,0.0,102.0,1624.0,Dontovo.A
56.9013671875,54.86243038420781,42.0,0.0,212.0,0.0,102.0,1624.0,Dontovo.A
49.943603515625,48.211417875615055,39.0,0.0,193.0,0.0,91.0,1721.0,Dontovo.A
49.94482421875,48.21329038445378,39.0,0.0,193.0,0.0,91.0,1722.0,Dontovo.A
49.941162109375,48.20816885095307,39.0,0.0,193.0,0.0,91.0,1720.0,Dontovo.A
49.932373046875,48.20083378705275,39.0,0.0,193.0,0.0,91.0,1722.0,Dontovo.A
56.90380859375,54.86277737194284,42.0,0.0,212.0,0.0,102.0,1624.0,Dontovo.A
38.31689453125,47.655549869084645,15.0,0.0,198.0,0.0,72.0,2338.0,Dontovo.A
38.30908203125,47.64759834927893,15.0,0.0,198.0,0.0,72.0,2338.0,Dontovo.A
38.306640625,47.64587709697031,15.0,0.0,198.0,0.0,72.0,2338.0,Dontovo.A
49.946044921875,48.210468636128915,39.0,0.0,193.0,0.0,91.0,1720.0,Dontovo.A
49.9521484375,48.214133723387754,39.0,0.0,193.0,0.0,91.0,1721.0,Dontovo.A
56.904541015625,54.86298112688716,42.0,0.0,212.0,0.0,102.0,1624.0,Dontovo.A
56.902587890625,54.86155367311267,42.0,0.0,212.0,0.0,102.0,1624.0,Dontovo.A
49.930908203125,48.20574964243612,39.0,0.0,193.0,0.0,91.0,1723.0,Dontovo.A
49.93505859375,48.205236292868165,39.0,0.0,193.0,0.0,91.0,1721.0,Dontovo.A
49.953125,48.21527905929432,39.0,0.0,193.0,0.0,91.0,1720.0,Dontovo.A
38.306640625,47.646143547663954,15.0,0.0,198.0,0.0,72.0,2338.0,Dontovo.A
38.311279296875,47.65108096684389,15.0,0.0,198.0,0.0,72.0,2338.0,Dontovo.A
38.3046875,47.64320454130729,15.0,0.0,198.0,0.0,72.25,2338.0,Dontovo.A
38.309326171875,47.64776329080168,15.0,0.0,198.0,0.0,72.0,2338.0,Dontovo.A
38.315673828125,47.655657869631405,15.0,0.0,198.0,0.0,72.0,2338.0,Dontovo.A
38.310791015625,47.64937287222657,15.0,0.0,198.0,0.0,72.0,2338.0,Dontovo.A
38.31005859375,47.649697873317535,15.0,0.0,198.0,0.0,72.0,2338.0,Dontovo.A
56.904296875,54.863806171561,42.0,0.0,212.0,0.0,102.0,1624.0,Dontovo.A
49.94921875,48.20858568517281,39.0,0.0,193.0,0.0,91.0,1721.0,Dontovo.A
49.948974609375,48.20941849032341,39.0,0.0,193.0,0.0,91.0,1721.0,Dontovo.A
38.313232421875,47.65164712096016,15.0,0.0,198.0,0.0,72.0,2338.0,Dontovo.A
38.30712890625,47.6475289966982,15.0,0.0,198.0,0.0,72.0,2338.0,Dontovo.A
49.946044921875,48.209146898787985,39.0,0.0,193.0,0.0,91.0,1720.0,Dontovo.A
56.9072265625,54.86642770568396,42.0,0.0,212.0,0.0,102.0,1624.0,Dontovo.A
56.901123046875,54.85961521512219,42.0,0.0,212.0,0.0,102.0,1624.0,Dontovo.A
38.30517578125,47.64521012053613,15.0,0.0,198.0,0.0,72.0,2338.0,Dontovo.A
56.901123046875,54.86166675564566,42.0,0.0,212.0,0.0,102.0,1624.0,Dontovo.A
49.9521484375,48.21309565917196,39.0,0.0,193.0,0.0,91.0,1720.0,Dontovo.A
56.905517578125,54.86370816361743,42.0,0.0,212.0,0.0,102.0,1624.0,Dontovo.A
56.90478515625,54.86410516627451,42.0,0.0,212.0,0.0,102.0,1624.0,Dontovo.A
38.3076171875,47.64534302017044,15.0,0.0,198.0,0.0,72.0,2338.0,Dontovo.A
49.9501953125,48.2163445199665,39.0,0.0,193.0,0.0,91.0,1720.0,Dontovo.A
108.09765625,26.223828738870033,118.0,0.0,151.0,93.0,128.0,67.0,C2LOP.gen!g
109.88037109375,21.85226151811385,116.0,20.0,147.0,95.0,127.0,4.0,C2LOP.gen!g
109.65625,25.247524631139584,119.0,6.0,149.0,95.0,128.0,64.0,C2LOP.gen!g
111.4443359375,23.32698584686084,120.0,18.0,148.0,101.0,128.0,24.0,C2LOP.gen!g
113.311279296875,23.787081038663864,123.0,8.0,154.0,102.0,129.0,48.0,C2LOP.gen!g
112.464599609375,22.497812756879135,122.0,18.0,147.0,98.0,129.0,17.0,C2LOP.gen!g
109.390625,24.025189214590487,116.0,1.0,146.0,97.0,127.0,56.0,C2LOP.gen!g
108.288330078125,25.743089571532074,119.0,24.0,149.0,93.0,128.0,1.0,C2LOP.gen!g
112.51611328125,21.3278041214612,121.0,18.0,146.0,99.0,128.0,8.0,C2LOP.gen!g
112.322265625,22.99549149815988,121.0,0.0,144.0,100.0,128.0,64.0,C2LOP.gen!g
112.71435546875,22.02944250064597,121.0,20.0,145.0,99.0,128.0,5.0,C2LOP.gen!g
111.49755859375,23.188457988475335,120.0,25.0,148.0,100.0,128.0,1.0,C2LOP.gen!g
114.44482421875,21.70099054857666,123.0,10.0,150.0,102.0,129.0,44.0,C2LOP.gen!g
109.517578125,23.4166612274417,118.0,21.0,154.0,96.0,127.0,11.0,C2LOP.gen!g
112.802734375,21.603112847705383,122.0,23.0,145.0,97.0,129.0,2.0,C2LOP.gen!g
111.657958984375,21.909814932251372,120.0,27.0,145.0,97.0,128.0,0.0,C2LOP.gen!g
114.3525390625,20.56632832424547,122.0,27.0,147.0,105.0,128.0,0.0,C2LOP.gen!g
112.837158203125,22.41825637460049,123.0,22.0,149.0,96.0,129.0,3.0,C2LOP.gen!g
113.928466796875,19.261398568061605,122.0,41.0,150.0,100.0,128.0,0.0,C2LOP.gen!g
113.169677734375,22.446709210668995,122.0,9.0,147.0,101.0,128.0,49.0,C2LOP.gen!g
110.64990234375,22.462338053947953,118.0,20.0,144.0,97.0,127.0,10.0,C2LOP.gen!g
111.146240234375,21.178068755571765,119.0,31.0,147.0,97.0,128.0,0.0,C2LOP.gen!g
113.061767578125,20.71798035902432,120.0,38.0,147.0,102.0,128.0,0.0,C2LOP.gen!g
113.684814453125,21.151449415298142,122.0,15.0,147.0,102.0,128.0,13.0,C2LOP.gen!g
112.7529296875,21.967871853246987,121.0,13.0,147.0,100.0,128.0,25.0,C2LOP.gen!g
113.059814453125,19.376312615938367,119.0,22.0,148.0,101.0,127.0,2.0,C2LOP.gen!g
113.912109375,20.83570379377157,123.0,36.0,143.0,98.0,129.0,0.0,C2LOP.gen!g
111.396484375,22.33883309850541,116.0,0.0,147.0,102.0,127.0,28.0,C2LOP.gen!g
107.10595703125,24.354608932038484,111.0,10.0,146.0,93.0,126.0,66.0,C2LOP.gen!g
113.962890625,20.37128728260777,122.0,24.0,147.0,101.0,129.0,1.0,C2LOP.gen!g
113.083740234375,22.46111155964953,121.0,16.0,149.0,103.0,128.0,20.0,C2LOP.gen!g
112.318359375,21.67357520466108,122.0,30.0,146.0,96.0,128.0,0.0,C2LOP.gen!g
110.442626953125,23.61619646931407,119.0,4.0,147.0,96.0,128.0,62.0,C2LOP.gen!g
110.544921875,24.140072477369376,120.0,24.0,146.0,99.0,128.0,6.0,C2LOP.gen!g
111.134033203125,22.544841469776074,120.0,20.0,147.0,97.0,128.0,18.0,C2LOP.gen!g
113.802490234375,19.678576937449204,121.0,35.0,168.0,102.0,128.0,0.0,C2LOP.gen!g
113.21337890625,22.016481679326457,122.0,20.0,146.0,101.0,129.0,7.0,C2LOP.gen!g
108.06982421875,25.439918642086415,119.0,24.0,145.0,93.0,127.0,3.0,C2LOP.gen!g
114.109619140625,20.36951002656013,122.0,34.0,154.0,102.0,129.0,0.0,C2LOP.gen!g
111.197998046875,23.69075888482804,121.0,20.0,146.0,95.0,128.0,13.0,C2LOP.gen!g
112.73876953125,23.363636125765968,121.0,5.0,146.0,102.0,128.0,65.0,C2LOP.gen!g
113.032470703125,23.045517340289056,121.5,22.0,148.0,103.0,129.0,6.0,C2LOP.gen!g
109.471435546875,22.186348220319353,114.0,23.0,144.0,101.0,126.0,3.0,C2LOP.gen!g
111.554931640625,21.214674454310117,119.0,29.0,145.0,100.0,128.0,0.0,C2LOP.gen!g
113.589599609375,20.292966069798663,121.0,16.0,147.0,100.0,128.0,20.0,C2LOP.gen!g
111.033203125,22.471148409321234,121.0,36.0,146.0,93.0,128.0,0.0,C2LOP.gen!g
114.3125,20.87195898508331,121.0,8.0,144.0,104.0,129.0,63.0,C2LOP.gen!g
112.563720703125,21.477319119177636,120.0,27.0,144.0,103.0,128.0,0.0,C2LOP.gen!g
112.95947265625,22.821280803986628,122.0,10.0,147.0,99.0,128.0,39.0,C2LOP.gen!g
108.778076171875,23.799615481770612,115.0,27.0,143.0,101.0,126.0,0.0,C2LOP.gen!g
113.922119140625,24.274975842415746,123.0,19.0,149.0,108.0,129.0,22.0,C2LOP.P
112.246826171875,25.834837578360204,121.0,13.0,149.0,107.0,128.0,16.0,C2LOP.P
102.4970703125,34.05733893255507,114.0,0.0,152.0,90.0,127.25,186.0,C2LOP.P
102.74951171875,32.91554874783279,115.0,1.0,154.0,90.0,127.0,125.0,C2LOP.P
110.701171875,29.00431101095937,120.0,5.0,154.0,103.0,129.0,92.0,C2LOP.P
104.580078125,32.14362807424119,116.0,8.0,155.0,92.0,128.0,135.0,C2LOP.P
116.81396484375,19.100591048986914,123.0,32.0,149.0,109.0,129.0,0.0,C2LOP.P
103.739990234375,33.5132104666377,116.0,0.0,163.0,94.0,127.0,176.0,C2LOP.P
107.623046875,33.64626703287904,115.0,21.0,188.0,92.0,130.0,6.0,C2LOP.P
113.778076171875,22.810869329776438,123.0,19.0,146.0,104.0,129.0,3.0,C2LOP.P
113.3857421875,24.76184675114687,123.0,26.0,147.0,107.0,129.0,0.0,C2LOP.P
106.4541015625,30.13555544414579,117.0,7.0,156.0,97.0,128.0,75.0,C2LOP.P
107.554443359375,31.518014206392667,117.0,0.0,163.0,97.0,129.0,151.0,C2LOP.P
114.2509765625,23.316008009843273,123.0,14.0,146.0,106.0,129.0,25.0,C2LOP.P
104.03076171875,32.09686162809239,115.0,4.0,156.0,94.0,126.0,166.0,C2LOP.P
109.09375,25.24179941089779,118.0,0.0,146.0,102.0,127.0,42.0,C2LOP.P
111.016357421875,25.371410537633192,121.0,4.0,146.0,100.0,129.0,11.0,C2LOP.P
113.47021484375,22.781541312282126,121.0,7.0,147.0,105.0,129.0,35.0,C2LOP.P
106.40087890625,26.087919243924453,113.0,8.0,154.0,96.0,126.0,13.0,C2LOP.P
103.921142578125,31.732884508682634,114.0,4.0,154.0,96.0,126.0,122.0,C2LOP.P
106.417236328125,28.600707585536547,115.0,8.0,155.0,96.0,127.0,59.0,C2LOP.P
111.38134765625,25.29965113203288,121.0,1.0,146.0,104.0,128.0,24.0,C2LOP.P
116.84375,23.942201317052074,125.0,17.0,165.0,108.0,131.0,4.0,C2LOP.P
115.154052734375,21.996403030283304,123.0,15.0,149.0,109.0,129.0,19.0,C2LOP.P
103.96533203125,33.969788813564804,117.0,3.0,150.0,95.0,127.0,187.0,C2LOP.P
102.157958984375,28.410129344124435,110.0,9.0,147.0,93.0,123.0,77.0,C2LOP.P
109.9462890625,25.78029441218511,121.0,0.0,157.0,97.0,128.0,16.0,C2LOP.P
104.0048828125,34.01309455427633,117.0,1.0,151.0,95.0,127.0,233.0,C2LOP.P
99.244384765625,36.263374320407024,112.0,0.0,150.0,86.0,126.0,267.0,C2LOP.P
105.93701171875,30.961526927203142,117.0,0.0,161.0,94.75,127.0,141.0,C2LOP.P
101.603271484375,35.82714822371807,116.0,1.0,153.0,86.0,127.0,281.0,C2LOP.P
103.452880859375,27.808869610348005,109.0,11.0,152.0,90.0,125.0,22.0,C2LOP.P
103.929931640625,33.07811721473714,114.0,0.0,166.0,89.0,128.0,89.0,C2LOP.P
112.410888671875,23.35571916608328,122.0,22.0,148.0,102.0,128.0,4.0,C2LOP.P
111.601806640625,27.838276093836605,120.0,21.0,179.0,99.0,129.0,19.0,C2LOP.P
104.250244140625,32.512679692094096,116.0,4.0,156.0,91.0,128.0,142.0,C2LOP.P
101.846923828125,35.97944230887242,117.0,0.0,151.0,87.0,128.0,187.0,C2LOP.P
104.032470703125,32.85780607805113,116.0,0.0,150.0,93.0,127.0,146.0,C2LOP.P
112.236328125,26.095916986998827,123.0,21.0,147.0,105.0,129.0,7.0,C2LOP.P
114.197021484375,23.516190834461682,123.0,11.0,148.0,106.0,129.0,38.0,C2LOP.P
101.998291015625,32.230049955379336,114.0,5.0,163.0,83.0,127.0,74.0,C2LOP.P
105.197021484375,31.00196095290296,117.0,4.0,165.0,91.0,127.0,123.0,C2LOP.P
106.303466796875,30.79713973904589,117.0,2.0,152.0,97.0,127.0,154.0,C2LOP.P
102.386474609375,45.86139851448529,117.0,0.0,214.0,69.0,130.0,352.0,C2LOP.P
108.14111328125,28.528470721883338,117.0,11.0,154.0,96.0,128.0,93.0,C2LOP.P
113.431640625,23.44846024653537,122.0,23.0,146.0,106.0,129.0,3.0,C2LOP.P
113.03662109375,26.291896006454966,123.0,24.0,151.0,109.0,129.0,1.0,C2LOP.P
109.489013671875,29.037285372441314,119.0,11.0,187.0,99.0,129.0,71.0,C2LOP.P
100.259033203125,32.92750740029609,107.0,0.0,157.0,85.0,127.0,90.0,C2LOP.P
105.59521484375,28.31057210173047,115.0,21.0,160.0,93.0,127.0,4.0,C2LOP.P
94.523193359375,50.62223612399082,102.0,0.0,226.0,62.0,131.0,623.0,Lolyda.AA1
94.17626953125,50.494108212826205,101.0,0.0,226.0,61.0,131.0,624.0,Lolyda.AA1
92.844482421875,51.79533117821546,100.0,0.0,241.0,57.0,130.0,627.0,Lolyda.AA1
95.54052734375,48.83995924704646,102.0,0.0,231.0,67.0,130.0,540.0,Lolyda.AA1
94.440185546875,50.17875114789573,102.0,0.0,226.0,61.0,130.0,597.0,Lolyda.AA1
99.794677734375,49.09138362567166,107.0,0.0,226.0,73.0,134.0,491.0,Lolyda.AA1
93.568603515625,49.73112452662461,99.0,0.0,216.0,59.0,130.0,591.0,Lolyda.AA1
92.80224609375,51.79049456209424,99.5,0.0,241.0,57.0,130.25,639.0,Lolyda.AA1
93.201904296875,50.44008479946062,99.0,0.0,216.0,59.0,130.0,593.0,Lolyda.AA1
92.86328125,51.744450368333204,99.5,0.0,241.0,57.0,130.25,637.0,Lolyda.AA1
94.447509765625,50.292015226639556,102.0,0.0,226.0,61.0,131.0,599.0,Lolyda.AA1
92.872802734375,51.799674062343215,99.5,0.0,241.0,56.75,130.25,632.0,Lolyda.AA1
95.964599609375,48.870403863335,102.0,0.0,222.0,65.75,130.0,522.0,Lolyda.AA1
95.37939453125,49.07170599562346,102.0,0.0,231.0,66.0,130.0,548.0,Lolyda.AA1
94.2138671875,50.4678131016553,100.0,0.0,226.0,59.0,131.0,610.0,Lolyda.AA1
125.1044921875,31.31163951125446,126.0,15.0,227.0,105.0,147.0,6.0,Lolyda.AA1
95.57470703125,50.064029167814006,102.0,0.0,229.0,65.0,132.0,553.0,Lolyda.AA1
124.481689453125,30.146463060139794,125.0,16.0,216.0,104.0,145.0,5.0,Lolyda.AA1
95.367431640625,49.04312419798358,102.0,0.0,231.0,66.0,130.0,545.0,Lolyda.AA1
95.76953125,48.473400097040575,102.0,0.0,231.0,67.0,130.0,523.0,Lolyda.AA1
98.4052734375,50.66965441406579,105.0,0.0,245.0,68.0,135.0,580.0,Lolyda.AA1
94.199462890625,50.69711790016656,100.0,0.0,226.0,60.0,132.0,620.0,Lolyda.AA1
92.80078125,51.8022207778262,100.0,0.0,241.0,57.0,130.25,630.0,Lolyda.AA1
95.980224609375,48.853394456778034,102.0,0.0,222.0,65.0,130.0,515.0,Lolyda.AA1
99.635986328125,51.481812473251786,104.0,0.0,230.0,65.0,136.0,458.0,Lolyda.AA1
95.510986328125,49.45040105456016,102.0,0.0,235.0,61.0,131.0,521.0,Lolyda.AA1
95.575439453125,48.75543511671455,102.0,0.0,231.0,66.0,130.0,534.0,Lolyda.AA1
91.747802734375,52.4875089312194,98.0,0.0,229.0,54.0,130.0,677.0,Lolyda.AA1
93.38623046875,50.27179783990482,99.0,0.0,229.0,60.0,130.0,578.0,Lolyda.AA1
98.53955078125,50.49054191088121,105.0,0.0,245.0,68.0,135.0,566.0,Lolyda.AA1
94.7490234375,50.2206459565817,102.0,0.0,226.0,62.0,131.0,596.0,Lolyda.AA1
93.187744140625,50.38329313122591,99.0,0.0,216.0,59.0,130.0,596.0,Lolyda.AA1
97.28173828125,48.14304368017127,102.0,0.0,223.0,71.0,130.0,510.0,Lolyda.AA1
92.915283203125,50.4667704799277,99.0,0.0,216.0,58.0,130.0,596.0,Lolyda.AA1
95.579345703125,48.73524469368288,102.0,0.0,231.0,66.0,130.0,528.0,Lolyda.AA1
94.684814453125,50.29410595306289,102.0,0.0,226.0,61.0,131.0,587.0,Lolyda.AA1
95.808349609375,48.43465353139112,102.0,0.0,231.0,67.0,130.0,510.0,Lolyda.AA1
100.1640625,50.982418246046784,104.0,0.0,234.0,72.0,135.25,491.0,Lolyda.AA1
95.201171875,49.87535791101362,102.0,0.0,235.0,61.0,131.0,557.0,Lolyda.AA1
95.82666015625,48.91358503478168,102.0,0.0,222.0,65.0,130.0,522.0,Lolyda.AA1
95.770751953125,49.16754711670727,102.0,0.0,222.0,66.0,130.0,527.0,Lolyda.AA1
94.9736328125,49.348947716328496,100.0,0.0,226.0,59.0,131.0,544.0,Lolyda.AA1
95.97900390625,48.78461860350091,102.0,0.0,222.0,65.0,130.0,520.0,Lolyda.AA1
123.9716796875,31.669723174171413,124.0,15.0,220.0,103.0,146.0,7.0,Lolyda.AA1
94.519287109375,50.23718274695708,102.0,0.0,226.0,61.0,131.0,597.0,Lolyda.AA1
91.58544921875,52.557530078593544,98.0,0.0,229.0,54.0,130.0,681.0,Lolyda.AA1
92.87109375,51.80607228275669,99.5,0.0,241.0,57.0,130.25,634.0,Lolyda.AA1
94.458984375,50.205853366412924,102.0,0.0,226.0,61.0,131.0,601.0,Lolyda.AA1
96.258544921875,50.6854991535572,103.0,0.0,229.0,64.0,133.0,575.0,Lolyda.AA1
95.4423828125,48.97497268800621,102.0,0.0,231.0,66.0,130.0,545.0,Lolyda.AA1
103.96240234375,38.121177478584585,108.0,0.0,230.0,81.0,130.0,171.0,Lolyda.AT
103.688232421875,38.64385940012468,107.0,0.0,199.0,84.0,130.0,215.0,Lolyda.AT
103.620849609375,38.65740631936737,107.0,0.0,210.0,81.0,130.0,181.0,Lolyda.AT
101.751220703125,36.76576608921771,107.0,0.0,210.0,84.0,126.0,217.0,Lolyda.AT
102.843994140625,36.808518302068556,106.0,0.0,204.0,80.0,129.0,144.0,Lolyda.AT
104.064453125,37.37822344604111,107.0,0.0,212.0,82.75,130.0,158.0,Lolyda.AT
104.287841796875,38.7351144371531,107.0,0.0,221.0,81.0,130.0,166.0,Lolyda.AT
99.11669921875,40.75448779979443,105.0,0.0,209.0,76.0,127.0,280.0,Lolyda.AT
104.030029296875,40.525446849873894,107.0,0.0,230.0,80.0,131.0,205.0,Lolyda.AT
104.266845703125,35.955468801422946,108.0,0.0,207.0,84.0,129.0,146.0,Lolyda.AT
103.84033203125,39.0709290191698,107.0,0.0,228.0,80.0,131.0,189.0,Lolyda.AT
103.716552734375,37.99813651155455,107.0,0.0,227.0,82.0,130.0,171.0,Lolyda.AT
103.396728515625,38.242392000736764,107.0,0.0,228.0,81.0,130.0,182.0,Lolyda.AT
104.033447265625,35.98864708725583,108.0,0.0,208.0,83.0,129.0,159.0,Lolyda.AT
104.239990234375,38.951765198887706,108.0,0.0,204.0,81.0,131.0,186.0,Lolyda.AT
105.325927734375,39.22633730913569,108.0,0.0,217.0,83.0,131.0,167.0,Lolyda.AT
104.689453125,41.06004732607693,108.0,0.0,237.0,81.0,132.0,217.0,Lolyda.AT
104.397705078125,36.09815022700552,108.0,0.0,214.0,85.0,129.0,162.0,Lolyda.AT
103.96240234375,38.121177478584585,108.0,0.0,230.0,81.0,130.0,171.0,Lolyda.AT
102.98828125,40.055599290809496,105.0,0.0,231.0,80.0,131.0,204.0,Lolyda.AT
103.8896484375,39.70182480497784,107.0,0.0,216.0,81.0,132.0,218.0,Lolyda.AT
105.8857421875,34.416801740244296,109.0,0.0,199.0,87.0,129.0,133.0,Lolyda.AT
103.437744140625,36.674468394517646,107.0,0.0,217.0,82.0,129.0,153.0,Lolyda.AT
103.86083984375,36.9311036350244,108.0,0.0,211.0,83.0,129.0,160.0,Lolyda.AT
104.2255859375,38.349122097804305,107.0,0.0,230.0,82.0,130.0,170.0,Lolyda.AT
102.9755859375,37.59137811574686,106.0,0.0,212.0,80.0,129.0,159.0,Lolyda.AT
103.10888671875,38.477264227495176,106.0,0.0,212.0,82.0,130.0,186.0,Lolyda.AT
104.515380859375,35.83065309102201,108.0,0.0,205.0,83.0,130.0,134.0,Lolyda.AT
95.0732421875,41.34595263921815,102.0,0.0,214.0,72.0,124.0,373.0,Lolyda.AT
105.25537109375,36.85802337574516,108.0,0.0,210.0,83.0,130.0,148.0,Lolyda.AT
102.10546875,39.55802711404189,106.0,0.0,219.0,77.0,130.0,195.0,Lolyda.AT
105.717529296875,35.87611667127939,109.0,0.0,212.0,87.0,130.0,154.0,Lolyda.AT
104.496826171875,36.295519503384504,108.0,0.0,213.0,85.0,129.0,158.0,Lolyda.AT
105.957275390625,38.385564262472144,109.0,0.0,212.0,84.0,132.0,169.0,Lolyda.AT
101.922119140625,40.43547182657039,105.0,0.0,216.0,78.0,130.0,235.0,Lolyda.AT
103.85888671875,37.00704125793975,108.0,0.0,219.0,83.0,129.0,156.0,Lolyda.AT
104.623779296875,39.206245653172594,107.0,0.0,242.0,80.75,131.0,166.0,Lolyda.AT
103.980224609375,38.86097829860374,107.0,0.0,201.0,81.0,131.0,165.0,Lolyda.AT
104.90771484375,38.628056349707606,108.0,0.0,252.0,81.0,131.0,177.0,Lolyda.AT
101.822265625,38.25528650589606,105.0,0.0,204.0,76.0,129.0,182.0,Lolyda.AT
104.220947265625,36.4638862529104,108.0,0.0,221.0,83.0,130.0,139.0,Lolyda.AT
104.06396484375,36.973667127328795,107.0,0.0,211.0,83.0,129.0,158.0,Lolyda.AT
105.031494140625,37.526198326682135,109.0,0.0,206.0,84.0,131.0,157.0,Lolyda.AT
103.482177734375,38.07022415908656,107.0,0.0,218.0,82.0,129.0,182.0,Lolyda.AT
104.985595703125,39.117218394692976,108.0,0.0,230.0,83.0,131.0,170.0,Lolyda.AT
103.743896484375,36.73211973156,106.0,0.0,217.0,83.0,129.0,158.0,Lolyda.AT
103.855712890625,36.92585121389476,108.0,0.0,211.0,83.0,129.0,160.0,Lolyda.AT
103.65185546875,36.97782784881517,107.0,0.0,202.0,82.0,129.0,154.0,Lolyda.AT
101.606689453125,40.712314151993276,105.0,0.0,234.0,78.0,130.0,238.0,Lolyda.AT
104.0693359375,36.16298928587446,108.5,0.0,203.0,84.0,129.0,158.0,Lolyda.AT
92.051025390625,29.824054101515717,93.0,0.0,190.0,83.0,108.0,215.0,Adialer.C
93.76318359375,28.588875472851864,94.0,0.0,190.0,84.0,109.0,180.0,Adialer.C
92.13525390625,29.819497137038447,93.0,0.0,190.0,83.0,108.0,214.0,Adialer.C
92.165771484375,29.868659602593368,93.0,0.0,195.0,83.0,108.0,236.0,Adialer.C
93.53076171875,28.601237595564104,94.0,0.0,190.0,84.0,109.0,178.0,Adialer.C
92.132568359375,29.818653614213833,93.0,0.0,190.0,83.0,108.0,214.0,Adialer.C
91.77490234375,29.90590900717032,93.0,0.0,190.0,83.0,108.0,217.0,Adialer.C
92.13037109375,29.819453386219447,93.0,0.0,190.0,83.0,108.0,214.0,Adialer.C
92.13037109375,29.819453386219447,93.0,0.0,190.0,83.0,108.0,214.0,Adialer.C
93.529052734375,28.60373179053522,94.0,0.0,190.0,84.0,109.0,178.0,Adialer.C
92.13037109375,29.819453386219447,93.0,0.0,190.0,83.0,108.0,214.0,Adialer.C
92.042724609375,29.823027504423973,93.0,0.0,190.0,83.0,108.0,215.0,Adialer.C
93.53076171875,28.601237595564104,94.0,0.0,190.0,84.0,109.0,178.0,Adialer.C
93.447509765625,28.626265301079624,93.0,0.0,190.0,84.0,109.0,179.0,Adialer.C
93.518310546875,28.6016921462721,94.0,0.0,190.0,84.0,109.0,177.0,Adialer.C
93.53076171875,28.601237595564104,94.0,0.0,190.0,84.0,109.0,178.0,Adialer.C
92.128662109375,29.816075171620696,93.0,0.0,190.0,83.0,108.0,214.0,Adialer.C
93.559814453125,28.33836319340264,93.0,0.0,195.0,84.0,108.0,193.0,Adialer.C
93.76318359375,28.588875472851864,94.0,0.0,190.0,84.0,109.0,180.0,Adialer.C
93.82177734375,28.31449141667212,94.0,0.0,195.0,85.0,108.0,195.0,Adialer.C
92.130126953125,29.81723151957095,93.0,0.0,190.0,83.0,108.0,214.0,Adialer.C
93.75732421875,28.58881779641202,94.0,0.0,190.0,84.0,109.0,180.0,Adialer.C
92.13525390625,29.819497137038447,93.0,0.0,190.0,83.0,108.0,214.0,Adialer.C
93.761962890625,28.585718278651587,94.0,0.0,190.0,84.0,109.0,180.0,Adialer.C
92.13525390625,29.819497137038447,93.0,0.0,190.0,83.0,108.0,214.0,Adialer.C
92.068603515625,29.90131768696856,93.0,0.0,189.0,83.0,108.0,215.0,Adialer.C
93.602783203125,28.32778771289607,93.0,0.0,195.0,84.0,108.0,193.0,Adialer.C
93.765625,28.59032168655374,94.0,0.0,190.0,84.0,109.0,180.0,Adialer.C
93.76123046875,28.586109307860465,94.0,0.0,190.0,84.0,109.0,180.0,Adialer.C
92.127197265625,29.818357694904034,93.0,0.0,190.0,83.0,108.0,214.0,Adialer.C
92.051025390625,29.824054101515717,93.0,0.0,190.0,83.0,108.0,215.0,Adialer.C
92.128662109375,29.816075171620696,93.0,0.0,190.0,83.0,108.0,214.0,Adialer.C
92.1416015625,29.897929677445855,93.0,0.0,189.0,83.0,108.0,215.0,Adialer.C
93.822265625,28.32286565808081,94.0,0.0,195.0,85.0,108.0,195.0,Adialer.C
93.822265625,28.32286565808081,94.0,0.0,195.0,85.0,108.0,195.0,Adialer.C
91.77490234375,29.90590900717032,93.0,0.0,190.0,83.0,108.0,217.0,Adialer.C
93.559814453125,28.33836319340264,93.0,0.0,195.0,84.0,108.0,193.0,Adialer.C
93.5712890625,28.59515529160172,94.0,0.0,190.0,84.0,109.0,177.0,Adialer.C
93.4677734375,28.63568367295287,93.0,0.0,190.0,84.0,109.0,179.0,Adialer.C
93.575439453125,28.358676339573083,93.0,0.0,195.0,84.0,108.0,192.0,Adialer.C
92.13037109375,29.819453386219447,93.0,0.0,190.0,83.0,108.0,214.0,Adialer.C
93.76318359375,28.588875472851864,94.0,0.0,190.0,84.0,109.0,180.0,Adialer.C
93.602783203125,28.32778771289607,93.0,0.0,195.0,84.0,108.0,193.0,Adialer.C
93.518310546875,28.602272580253533,94.0,0.0,190.0,84.0,109.0,177.0,Adialer.C
93.76123046875,28.586109307860465,94.0,0.0,190.0,84.0,109.0,180.0,Adialer.C
92.132568359375,29.818653614213833,93.0,0.0,190.0,83.0,108.0,214.0,Adialer.C
92.165771484375,29.868659602593368,93.0,0.0,195.0,83.0,108.0,236.0,Adialer.C
93.822265625,28.32286565808081,94.0,0.0,195.0,85.0,108.0,195.0,Adialer.C
93.518310546875,28.6016921462721,94.0,0.0,190.0,84.0,109.0,177.0,Adialer.C
93.659912109375,28.59475432648924,94.0,0.0,190.0,84.0,109.0,179.0,Adialer.C
122.48193359375,30.711583055277618,127.0,0.0,237.0,116.0,138.0,68.0,Fakerean
123.990234375,32.10130908946812,130.0,0.0,229.0,117.0,140.0,77.0,Fakerean
122.7451171875,31.686382431998958,128.0,0.0,234.0,116.0,139.0,70.0,Fakerean
115.70263671875,35.9565771767345,123.0,0.0,220.0,110.0,134.0,205.0,Fakerean
118.23828125,32.77620551295022,125.0,0.0,232.0,112.0,135.0,101.0,Fakerean
124.257080078125,26.70708944513247,129.0,0.0,227.0,118.0,137.0,48.0,Fakerean
120.08447265625,36.31538006429364,129.0,0.0,217.0,115.0,139.0,180.0,Fakerean
120.59765625,31.737128825231434,127.0,0.0,219.0,113.0,137.0,79.0,Fakerean
118.522705078125,33.11580019810298,125.0,0.0,232.0,112.0,135.0,104.0,Fakerean
122.7451171875,31.686382431998958,128.0,0.0,234.0,116.0,139.0,70.0,Fakerean
118.23828125,32.77620551295022,125.0,0.0,232.0,112.0,135.0,101.0,Fakerean
118.97802734375,30.92198957178172,123.0,0.0,237.0,110.0,135.0,68.0,Fakerean
120.59765625,31.737128825231434,127.0,0.0,219.0,113.0,137.0,79.0,Fakerean
115.70263671875,35.9565771767345,123.0,0.0,220.0,110.0,134.0,205.0,Fakerean
121.622802734375,18.110259565221035,124.0,16.0,172.0,116.0,132.0,3.0,Fakerean
118.522705078125,33.11580019810298,125.0,0.0,232.0,112.0,135.0,104.0,Fakerean
118.522705078125,33.11580019810298,125.0,0.0,232.0,112.0,135.0,104.0,Fakerean
122.62451171875,31.418803845995537,128.0,0.0,234.0,116.0,139.0,70.0,Fakerean
122.62451171875,31.418803845995537,128.0,0.0,234.0,116.0,139.0,70.0,Fakerean
119.220947265625,17.570776538479677,122.0,9.0,159.0,114.0,129.0,5.0,Fakerean
120.59765625,31.737128825231434,127.0,0.0,219.0,113.0,137.0,79.0,Fakerean
115.70263671875,35.9565771767345,123.0,0.0,220.0,110.0,134.0,205.0,Fakerean
118.97802734375,30.92198957178172,123.0,0.0,237.0,110.0,135.0,68.0,Fakerean
122.7451171875,31.686382431998958,128.0,0.0,234.0,116.0,139.0,70.0,Fakerean
118.836181640625,33.004827261016025,125.0,0.0,235.0,112.75,136.0,101.0,Fakerean
116.425537109375,30.81461266534791,120.0,0.0,229.0,108.0,131.0,74.0,Fakerean
118.23828125,32.77620551295022,125.0,0.0,232.0,112.0,135.0,101.0,Fakerean
118.97802734375,30.92198957178172,123.0,0.0,237.0,110.0,135.0,68.0,Fakerean
118.23828125,32.77620551295022,125.0,0.0,232.0,112.0,135.0,101.0,Fakerean
124.257080078125,26.70708944513247,129.0,0.0,227.0,118.0,137.0,48.0,Fakerean
120.08447265625,36.31538006429364,129.0,0.0,217.0,115.0,139.0,180.0,Fakerean
118.836181640625,33.004827261016025,125.0,0.0,235.0,112.75,136.0,101.0,Fakerean
123.990234375,32.10130908946812,130.0,0.0,229.0,117.0,140.0,77.0,Fakerean
122.7451171875,31.686382431998958,128.0,0.0,234.0,116.0,139.0,70.0,Fakerean
121.212890625,31.070980825471008,126.0,0.0,234.0,114.0,136.0,70.0,Fakerean
123.990234375,32.10130908946812,130.0,0.0,229.0,117.0,140.0,77.0,Fakerean
119.07080078125,31.05888225511141,124.0,0.0,235.0,111.0,135.0,78.0,Fakerean
118.522705078125,33.11580019810298,125.0,0.0,232.0,112.0,135.0,104.0,Fakerean
118.836181640625,33.004827261016025,125.0,0.0,235.0,112.75,136.0,101.0,Fakerean
122.87109375,38.10980081730894,132.0,0.0,220.0,114.0,145.0,195.0,Fakerean
118.97802734375,30.92198957178172,123.0,0.0,237.0,110.0,135.0,68.0,Fakerean
118.97802734375,30.92198957178172,123.0,0.0,237.0,110.0,135.0,68.0,Fakerean
123.990234375,32.10130908946812,130.0,0.0,229.0,117.0,140.0,77.0,Fakerean
123.990234375,32.10130908946812,130.0,0.0,229.0,117.0,140.0,77.0,Fakerean
121.22802734375,37.20696386135937,130.0,0.0,220.0,115.75,141.0,200.0,Fakerean
120.590576171875,36.7722097410305,129.0,0.0,220.0,113.75,141.0,204.0,Fakerean
118.522705078125,33.11580019810298,125.0,0.0,232.0,112.0,135.0,104.0,Fakerean
118.522705078125,33.11580019810298,125.0,0.0,232.0,112.0,135.0,104.0,Fakerean
118.56787109375,33.40556715507362,125.0,0.0,237.0,111.75,136.0,104.0,Fakerean
114.382568359375,35.203348712743654,121.0,0.0,217.0,107.0,132.0,185.0,Fakerean
97.1064453125,24.17844221270152,101.0,16.0,155.0,83.0,115.0,11.0,Rbot!gen
99.4873046875,23.66386178234737,104.0,18.0,152.0,85.0,116.0,16.0,Rbot!gen
97.447509765625,24.252419713562507,101.0,9.0,156.0,84.0,114.0,49.0,Rbot!gen
97.8994140625,24.50994575805763,102.5,13.0,151.0,84.0,115.0,44.0,Rbot!gen
97.37939453125,23.85987342358835,102.0,16.0,155.0,82.0,115.0,7.0,Rbot!gen
97.96826171875,23.867737943854323,102.0,14.0,152.0,84.0,115.0,15.0,Rbot!gen
97.894287109375,24.183246286564398,103.0,11.0,152.0,84.0,115.0,16.0,Rbot!gen
99.50439453125,23.50951395314448,104.0,18.0,154.0,85.0,116.0,12.0,Rbot!gen
96.62646484375,24.411233542153198,102.0,16.0,150.0,81.0,114.0,8.0,Rbot!gen
97.312255859375,23.734326781323734,101.0,11.0,161.0,83.0,114.0,8.0,Rbot!gen
97.94287109375,24.147458740658834,102.0,12.0,152.0,85.0,114.0,39.0,Rbot!gen
98.323974609375,23.564142669517075,103.0,12.0,151.0,85.0,115.0,32.0,Rbot!gen
101.545166015625,25.43738312073458,106.0,0.0,160.0,87.0,119.0,54.0,Rbot!gen
97.72900390625,24.213140450841404,103.0,17.0,161.0,83.0,115.0,14.0,Rbot!gen
97.258056640625,23.804913049323545,101.0,12.0,160.0,83.0,114.0,12.0,Rbot!gen
97.447265625,24.25245945050096,101.0,9.0,156.0,84.0,114.0,49.0,Rbot!gen
97.787109375,22.86503133718686,102.0,13.0,154.0,83.0,114.0,16.0,Rbot!gen
97.72900390625,24.213140450841404,103.0,17.0,161.0,83.0,115.0,14.0,Rbot!gen
97.923095703125,24.031497759341743,102.0,10.0,152.0,84.0,115.0,20.0,Rbot!gen
97.794189453125,24.240793907882225,102.0,15.0,154.0,85.0,114.0,35.0,Rbot!gen
97.96826171875,23.867737943854323,102.0,14.0,152.0,84.0,115.0,15.0,Rbot!gen
97.935546875,23.066580476030204,102.0,12.0,154.0,83.0,115.0,21.0,Rbot!gen
116.31884765625,46.75122613114927,117.0,16.0,207.0,93.0,134.0,29.0,Rbot!gen
93.71630859375,23.529903008560616,98.0,18.0,147.0,75.0,112.0,14.0,Rbot!gen
97.795166015625,24.240369102196446,102.0,15.0,154.0,85.0,114.0,35.0,Rbot!gen
97.379638671875,23.859833727300824,102.0,16.0,155.0,82.0,115.0,7.0,Rbot!gen
94.5244140625,23.39534520777696,99.0,23.0,147.0,77.0,112.0,2.0,Rbot!gen
97.968017578125,23.86776319018638,102.0,14.0,152.0,84.0,115.0,15.0,Rbot!gen
95.67138671875,24.32960359248864,100.0,8.0,153.0,78.0,114.0,33.0,Rbot!gen
97.447265625,24.25245945050096,101.0,9.0,156.0,84.0,114.0,49.0,Rbot!gen
97.73095703125,24.211972411773193,103.0,17.0,161.0,83.0,115.0,14.0,Rbot!gen
97.96826171875,23.867737943854323,102.0,14.0,152.0,84.0,115.0,15.0,Rbot!gen
98.58203125,23.779373475877648,104.0,18.0,150.0,84.0,115.0,27.0,Rbot!gen
98.490478515625,24.432862155124916,104.0,12.0,156.0,82.0,116.0,11.0,Rbot!gen
98.018310546875,24.19248387520385,102.0,11.0,152.0,85.0,115.0,37.0,Rbot!gen
96.718017578125,24.46892615628807,102.0,16.0,151.0,81.0,114.0,12.0,Rbot!gen
97.968505859375,23.86761040570424,102.0,14.0,152.0,84.0,115.0,15.0,Rbot!gen
97.968017578125,23.86776319018638,102.0,14.0,152.0,84.0,115.0,15.0,Rbot!gen
97.016357421875,23.833549096030044,101.0,17.0,156.0,83.0,114.0,6.0,Rbot!gen
98.698974609375,23.916694183505463,103.0,19.0,150.0,84.0,116.0,37.0,Rbot!gen
97.44775390625,24.252168573179965,101.0,9.0,156.0,84.0,114.0,49.0,Rbot!gen
97.794189453125,24.240793907882225,102.0,15.0,154.0,85.0,114.0,35.0,Rbot!gen
96.527587890625,24.40252293569337,102.0,14.0,150.0,81.0,114.0,10.0,Rbot!gen
97.157958984375,23.83282638321314,101.0,17.0,157.0,83.0,114.0,8.0,Rbot!gen
97.900390625,23.937272352127177,102.0,14.0,152.0,84.0,115.0,11.0,Rbot!gen
97.901123046875,23.937035706750862,102.0,14.0,152.0,84.0,115.0,11.0,Rbot!gen
98.20361328125,23.82250541584467,102.0,8.0,153.0,84.0,115.0,32.0,Rbot!gen
98.920166015625,25.139867017236067,103.0,0.0,157.0,85.0,116.0,85.0,Rbot!gen
97.794189453125,24.240793907882225,102.0,15.0,154.0,85.0,114.0,35.0,Rbot!gen
94.17822265625,23.994871977488216,99.0,10.0,148.0,77.0,112.0,28.0,Rbot!gen
124.47998046875,21.117211249052716,126.0,5.0,180.0,114.0,137.0,38.0,Allaple.A
124.260009765625,18.597006605564363,125.0,14.0,187.0,115.0,136.0,11.0,Allaple.A
124.1455078125,20.378614023229144,126.0,6.0,174.0,114.0,136.0,33.0,Allaple.A
124.41455078125,20.472674318308172,126.0,7.0,181.0,114.0,137.0,32.0,Allaple.A
120.675048828125,24.495198877821384,124.0,8.0,202.0,109.75,136.0,32.0,Allaple.A
122.7939453125,20.508478202550993,124.0,8.0,176.0,113.0,135.0,29.0,Allaple.A
121.69189453125,21.941056351794604,123.0,4.0,186.0,111.0,135.0,38.0,Allaple.A
125.418701171875,17.47106234339502,127.0,25.0,173.0,117.0,136.0,1.0,Allaple.A
123.083251953125,17.955406805901834,124.0,24.0,188.0,114.0,134.0,1.0,Allaple.A
127.609130859375,17.57379265018744,129.0,25.0,177.0,119.0,139.0,1.0,Allaple.A
125.228515625,18.262624789522476,127.0,23.0,185.0,116.0,137.0,1.0,Allaple.A
124.312255859375,20.76009040683978,126.0,5.0,178.0,115.0,137.0,38.0,Allaple.A
123.489013671875,20.711145295633564,125.0,10.0,182.0,114.0,136.0,36.0,Allaple.A
124.089599609375,18.713793929562353,126.0,16.0,176.0,114.0,136.0,6.0,Allaple.A
123.91845703125,21.506634858381435,125.0,3.0,183.0,113.0,137.0,38.0,Allaple.A
123.328857421875,18.95439395131648,125.0,17.0,180.0,113.0,135.0,6.0,Allaple.A
124.38037109375,18.43517849418034,126.0,17.0,172.0,115.0,136.0,12.0,Allaple.A
122.15771484375,21.737166855481902,124.0,5.0,205.0,112.0,135.0,41.0,Allaple.A
123.586669921875,18.917437496913852,125.0,13.0,205.0,114.0,135.0,7.0,Allaple.A
121.447509765625,23.051957673650957,124.0,0.0,183.0,111.0,136.0,44.0,Allaple.A
123.130859375,20.62599346195777,125.0,9.0,176.0,113.0,136.0,33.0,Allaple.A
124.0185546875,19.146131796131087,125.0,21.0,187.0,114.0,136.0,7.0,Allaple.A
123.273193359375,18.504653240746457,125.0,22.0,208.0,114.0,135.0,3.0,Allaple.A
127.6708984375,17.36576847760588,128.5,36.0,177.0,118.0,139.0,0.0,Allaple.A
123.280029296875,19.522796960758892,125.0,13.0,199.0,113.0,135.0,6.0,Allaple.A
123.4931640625,21.350885340717337,125.0,4.0,185.0,113.0,137.0,37.0,Allaple.A
123.30126953125,20.189750705358904,125.0,9.0,170.0,114.0,136.0,30.0,Allaple.A
123.6025390625,21.42660376779091,125.0,7.0,184.0,113.0,137.0,45.0,Allaple.A
126.171875,19.809856635570966,129.0,33.0,179.0,117.0,139.0,0.0,Allaple.A
124.545654296875,18.451738825519314,126.0,19.0,179.0,115.0,136.0,10.0,Allaple.A
108.48828125,35.4919989797299,119.0,0.0,179.0,102.0,131.0,193.0,Allaple.A
125.527099609375,16.566516257912276,127.0,29.0,175.0,117.0,136.0,0.0,Allaple.A
122.389892578125,22.098624492955395,124.0,5.0,197.0,112.0,136.0,42.0,Allaple.A
124.14404296875,20.343864094872774,125.0,9.0,178.0,115.0,136.0,36.0,Allaple.A
123.373779296875,21.20680780410745,125.0,4.0,182.0,113.0,136.0,38.0,Allaple.A
122.92041015625,21.149255985448328,125.0,4.0,186.0,112.0,136.0,33.0,Allaple.A
124.569580078125,21.027884259364473,126.0,2.0,177.0,114.0,137.0,39.0,Allaple.A
123.3466796875,21.190908849829327,125.0,6.0,181.0,114.0,136.0,34.0,Allaple.A
123.861083984375,19.456017335100416,125.0,16.0,222.0,114.0,136.0,8.0,Allaple.A
123.4306640625,19.04606302484902,125.0,21.0,212.0,114.0,136.0,8.0,Allaple.A
126.15478515625,19.73462778323687,128.0,36.0,181.0,117.0,139.0,0.0,Allaple.A
123.864501953125,21.035125702647182,125.0,2.0,178.0,114.0,137.0,37.0,Allaple.A
123.51171875,20.798556219023915,125.0,8.0,181.0,113.0,137.0,34.0,Allaple.A
121.60400390625,22.12902557798772,123.0,3.0,185.0,110.0,135.0,38.0,Allaple.A
123.582763671875,20.248082610295913,125.0,11.0,177.0,114.0,136.0,32.0,Allaple.A
124.156982421875,20.734393017034456,126.0,7.0,183.0,114.0,137.0,32.0,Allaple.A
121.37890625,23.125633107359697,124.0,3.0,182.0,111.0,136.0,38.0,Allaple.A
123.036865234375,21.216422422444822,125.0,6.0,184.0,113.0,136.0,35.0,Allaple.A
123.60302734375,23.866339860464358,124.0,27.0,203.0,111.0,137.0,0.0,Allaple.A
123.903076171875,18.816876315881085,125.0,13.0,197.0,114.0,136.0,8.0,Allaple.A
68.253662109375,46.53930170081941,63.0,0.0,197.0,38.0,113.0,793.0,VB.AT
81.609130859375,42.392624061628126,90.0,0.0,198.0,43.0,113.0,506.0,VB.AT
81.39794921875,43.56405614703245,92.0,0.0,201.0,45.0,113.0,500.0,VB.AT
83.381591796875,43.73248134750568,98.0,0.0,201.0,49.0,115.0,626.0,VB.AT
86.77734375,37.9949849483532,101.0,0.0,197.0,58.0,111.0,412.0,VB.AT
87.64892578125,38.75758228260541,101.0,0.0,200.0,55.0,113.0,339.0,VB.AT
84.93994140625,41.22359839752368,98.0,0.0,205.0,50.75,112.0,479.0,VB.AT
80.513671875,46.418588517476856,94.0,0.0,213.0,41.0,117.0,542.0,VB.AT
83.75537109375,40.29045206735681,95.0,0.0,209.0,50.0,111.0,392.0,VB.AT
80.52490234375,41.84710317257069,89.0,0.0,209.0,44.0,112.0,391.0,VB.AT
82.092041015625,39.885144858763745,94.5,0.0,199.0,46.0,111.0,360.0,VB.AT
83.21875,40.379280926299316,95.0,0.0,214.0,47.0,111.0,385.0,VB.AT
88.106689453125,42.41881715702616,102.0,0.0,200.0,59.0,118.0,479.0,VB.AT
82.56689453125,45.34425522767949,86.0,0.0,224.0,53.0,116.0,593.0,VB.AT
86.57763671875,38.039303377508794,99.0,0.0,203.0,60.0,110.0,329.0,VB.AT
70.919677734375,45.46918646153975,75.0,0.0,200.0,39.0,111.0,756.0,VB.AT
83.1650390625,38.60067762214932,93.0,0.0,199.0,54.0,110.0,363.0,VB.AT
80.135986328125,41.622727907018394,86.0,0.0,194.0,45.0,113.0,402.0,VB.AT
81.74462890625,37.838210789633365,95.0,0.0,199.0,46.0,109.0,245.0,VB.AT
67.27734375,46.4744998373499,61.0,0.0,188.0,36.0,114.0,790.0,VB.AT
82.760986328125,51.06003045783739,95.0,0.0,245.0,39.0,118.25,772.0,VB.AT
83.16162109375,40.855078666437606,97.0,0.0,191.0,48.0,112.0,384.0,VB.AT
84.411376953125,40.02796211930246,95.0,0.0,201.0,58.0,113.0,368.0,VB.AT
80.384521484375,39.391617830922215,85.0,0.0,193.0,44.0,110.0,349.0,VB.AT
83.661376953125,39.479497156881955,94.0,0.0,212.0,54.0,111.0,352.0,VB.AT
68.11376953125,45.83477828291263,56.0,0.0,200.0,38.0,111.0,780.0,VB.AT
69.120361328125,44.995425282508634,64.0,0.0,182.0,38.75,112.0,734.0,VB.AT
84.977294921875,39.19932564424804,93.0,0.0,202.0,54.0,112.0,321.0,VB.AT
82.461669921875,41.18511107858168,96.0,0.0,186.0,45.0,113.0,351.0,VB.AT
67.41357421875,47.88146426779454,56.0,0.0,199.0,37.0,114.0,876.0,VB.AT
82.203857421875,45.344360509794065,97.0,0.0,190.0,45.0,116.0,719.0,VB.AT
80.701416015625,36.891018209821745,88.0,0.0,196.0,48.0,108.25,279.0,VB.AT
85.4921875,48.37435336999187,97.0,0.0,233.0,50.0,121.0,647.0,VB.AT
81.82421875,40.13925174488992,88.0,0.0,199.0,53.0,111.0,396.0,VB.AT
70.95361328125,42.86293558203665,68.0,0.0,190.0,40.0,110.0,628.0,VB.AT
81.499267578125,40.36664241395435,93.0,0.0,200.0,46.0,111.0,449.0,VB.AT
86.59912109375,38.72320065230628,100.0,0.0,204.0,56.0,111.0,395.0,VB.AT
70.93359375,46.04142670489763,70.0,0.0,196.0,38.0,112.0,776.0,VB.AT
84.11328125,37.864954053628516,98.0,0.0,195.0,53.0,110.0,322.0,VB.AT
80.548583984375,45.41816970768926,91.0,0.0,213.0,42.0,115.0,562.0,VB.AT
85.0732421875,37.89450053422291,98.0,0.0,190.0,54.0,110.0,325.0,VB.AT
68.935302734375,46.817652042573066,66.0,0.0,189.0,38.0,112.0,857.0,VB.AT
83.111572265625,37.37827905333415,92.0,0.0,200.0,60.0,109.0,357.0,VB.AT
83.74560546875,41.42338949778217,97.0,0.0,207.0,49.0,112.0,406.0,VB.AT
64.271484375,46.26289967217663,54.0,0.0,181.0,37.0,114.0,844.0,VB.AT
83.98095703125,40.05605360409449,95.0,0.0,208.0,56.0,112.0,428.0,VB.AT
80.88623046875,45.24836782546702,82.0,0.0,227.0,49.0,115.0,523.0,VB.AT
84.09375,39.74511688756557,96.0,0.0,203.0,55.0,111.0,423.0,VB.AT
82.130859375,40.10209705643802,89.0,0.0,207.0,50.0,111.0,376.0,VB.AT
77.8525390625,42.21492434321257,82.0,0.0,209.0,39.0,112.0,445.0,VB.AT
108.93994140625,29.7317401682792,112.0,16.0,238.0,99.75,125.0,2.0,Yuner.A
108.93994140625,29.7317401682792,112.0,16.0,238.0,99.75,125.0,2.0,Yuner.A
108.93994140625,29.7317401682792,112.0,16.0,238.0,99.75,125.0,2.0,Yuner.A
108.93994140625,29.7317401682792,112.0,16.0,238.0,99.75,125.0,2.0,Yuner.A
108.93994140625,29.7317401682792,112.0,16.0,238.0,99.75,125.0,2.0,Yuner.A
108.93994140625,29.7317401682792,112.0,16.0,238.0,99.75,125.0,2.0,Yuner.A
108.93994140625,29.7317401682792,112.0,16.0,238.0,99.75,125.0,2.0,Yuner.A
108.93994140625,29.7317401682792,112.0,16.0,238.0,99.75,125.0,2.0,Yuner.A
108.93994140625,29.7317401682792,112.0,16.0,238.0,99.75,125.0,2.0,Yuner.A
108.93994140625,29.7317401682792,112.0,16.0,238.0,99.75,125.0,2.0,Yuner.A
108.93994140625,29.7317401682792,112.0,16.0,238.0,99.75,125.0,2.0,Yuner.A
108.93994140625,29.7317401682792,112.0,16.0,238.0,99.75,125.0,2.0,Yuner.A
108.93994140625,29.7317401682792,112.0,16.0,238.0,99.75,125.0,2.0,Yuner.A
108.93994140625,29.7317401682792,112.0,16.0,238.0,99.75,125.0,2.0,Yuner.A
108.93994140625,29.7317401682792,112.0,16.0,238.0,99.75,125.0,2.0,Yuner.A
108.93994140625,29.7317401682792,112.0,16.0,238.0,99.75,125.0,2.0,Yuner.A
108.93994140625,29.7317401682792,112.0,16.0,238.0,99.75,125.0,2.0,Yuner.A
108.93994140625,29.7317401682792,112.0,16.0,238.0,99.75,125.0,2.0,Yuner.A
108.93994140625,29.7317401682792,112.0,16.0,238.0,99.75,125.0,2.0,Yuner.A
108.93994140625,29.7317401682792,112.0,16.0,238.0,99.75,125.0,2.0,Yuner.A
108.93994140625,29.7317401682792,112.0,16.0,238.0,99.75,125.0,2.0,Yuner.A
108.93994140625,29.7317401682792,112.0,16.0,238.0,99.75,125.0,2.0,Yuner.A
108.93994140625,29.7317401682792,112.0,16.0,238.0,99.75,125.0,2.0,Yuner.A
108.93994140625,29.7317401682792,112.0,16.0,238.0,99.75,125.0,2.0,Yuner.A
108.93994140625,29.7317401682792,112.0,16.0,238.0,99.75,125.0,2.0,Yuner.A
108.93994140625,29.7317401682792,112.0,16.0,238.0,99.75,125.0,2.0,Yuner.A
108.93994140625,29.7317401682792,112.0,16.0,238.0,99.75,125.0,2.0,Yuner.A
108.93994140625,29.7317401682792,112.0,16.0,238.0,99.75,125.0,2.0,Yuner.A
108.93994140625,29.7317401682792,112.0,16.0,238.0,99.75,125.0,2.0,Yuner.A
108.93994140625,29.7317401682792,112.0,16.0,238.0,99.75,125.0,2.0,Yuner.A
108.93994140625,29.7317401682792,112.0,16.0,238.0,99.75,125.0,2.0,Yuner.A
108.93994140625,29.7317401682792,112.0,16.0,238.0,99.75,125.0,2.0,Yuner.A
108.93994140625,29.7317401682792,112.0,16.0,238.0,99.75,125.0,2.0,Yuner.A
108.93994140625,29.7317401682792,112.0,16.0,238.0,99.75,125.0,2.0,Yuner.A
108.93994140625,29.7317401682792,112.0,16.0,238.0,99.75,125.0,2.0,Yuner.A
108.93994140625,29.7317401682792,112.0,16.0,238.0,99.75,125.0,2.0,Yuner.A
108.93994140625,29.7317401682792,112.0,16.0,238.0,99.75,125.0,2.0,Yuner.A
108.93994140625,29.7317401682792,112.0,16.0,238.0,99.75,125.0,2.0,Yuner.A
108.93994140625,29.7317401682792,112.0,16.0,238.0,99.75,125.0,2.0,Yuner.A
108.93994140625,29.7317401682792,112.0,16.0,238.0,99.75,125.0,2.0,Yuner.A
108.93994140625,29.7317401682792,112.0,16.0,238.0,99.75,125.0,2.0,Yuner.A
108.93994140625,29.7317401682792,112.0,16.0,238.0,99.75,125.0,2.0,Yuner.A
108.93994140625,29.7317401682792,112.0,16.0,238.0,99.75,125.0,2.0,Yuner.A
108.93994140625,29.7317401682792,112.0,16.0,238.0,99.75,125.0,2.0,Yuner.A
108.93994140625,29.7317401682792,112.0,16.0,238.0,99.75,125.0,2.0,Yuner.A
108.93994140625,29.7317401682792,112.0,16.0,238.0,99.75,125.0,2.0,Yuner.A
108.93994140625,29.7317401682792,112.0,16.0,238.0,99.75,125.0,2.0,Yuner.A
108.93994140625,29.7317401682792,112.0,16.0,238.0,99.75,125.0,2.0,Yuner.A
108.93994140625,29.7317401682792,112.0,16.0,238.0,99.75,125.0,2.0,Yuner.A
108.93994140625,29.7317401682792,112.0,16.0,238.0,99.75,125.0,2.0,Yuner.A
122.4736328125,19.830342125992768,125.0,16.0,173.0,115.0,135.0,10.0,Malex.gen!J
121.45751953125,22.422417286552196,125.0,9.0,174.0,113.0,135.0,25.0,Malex.gen!J
122.73291015625,18.460207175242253,125.0,19.0,170.0,116.0,134.0,6.0,Malex.gen!J
121.0439453125,23.104816412725707,124.0,8.0,180.0,113.0,135.0,30.0,Malex.gen!J
123.435302734375,16.39223251787476,125.0,21.0,166.0,117.0,133.0,1.0,Malex.gen!J
122.23828125,19.70681987002592,125.0,16.0,169.0,115.0,134.0,10.0,Malex.gen!J
121.404296875,22.2257399582807,125.0,10.0,177.0,114.0,135.0,25.0,Malex.gen!J
121.13134765625,22.89646008692059,125.0,8.0,181.0,112.0,135.0,29.0,Malex.gen!J
122.354736328125,20.132335426264717,125.0,14.0,170.0,115.0,135.0,11.0,Malex.gen!J
122.242919921875,20.59830952155859,125.0,13.0,171.0,115.0,134.0,13.0,Malex.gen!J
121.536376953125,22.4373617021873,125.0,9.0,176.0,113.0,135.0,25.0,Malex.gen!J
121.1845703125,22.33803721135753,125.0,7.0,175.0,113.0,135.0,25.0,Malex.gen!J
121.721435546875,21.44929043228657,125.0,13.0,174.0,114.0,135.0,22.0,Malex.gen!J
121.534912109375,22.270339454661865,125.0,10.0,179.0,113.0,135.0,26.0,Malex.gen!J
123.328857421875,17.644147048290623,125.0,11.0,177.0,116.0,134.0,5.0,Malex.gen!J
121.159912109375,23.31485754651206,124.0,8.0,180.0,113.0,136.0,30.0,Malex.gen!J
121.608642578125,21.6780061513154,125.0,9.0,172.0,114.0,135.0,23.0,Malex.gen!J
121.755126953125,21.32025033390296,125.0,22.0,176.0,115.0,135.0,4.0,Malex.gen!J
121.259033203125,23.36908852060888,125.0,7.0,177.0,113.0,136.0,31.0,Malex.gen!J
121.00927734375,23.355301941414567,124.0,7.0,178.0,113.0,135.0,31.0,Malex.gen!J
121.754638671875,21.60681820029353,125.0,12.0,178.0,113.0,135.0,23.0,Malex.gen!J
121.2841796875,23.46032854294058,125.0,7.0,180.0,112.0,136.0,30.0,Malex.gen!J
120.07177734375,24.9151435729944,124.0,4.0,184.0,110.0,135.0,41.0,Malex.gen!J
121.839599609375,21.528333534241852,125.0,11.0,173.0,114.0,135.0,20.0,Malex.gen!J
120.16064453125,24.756481434607775,124.0,3.0,183.0,110.0,136.0,44.0,Malex.gen!J
122.01123046875,21.01931010556892,125.0,12.0,167.0,115.0,135.0,14.0,Malex.gen!J
121.04541015625,23.201896819930678,124.0,7.0,180.0,112.0,136.0,31.0,Malex.gen!J
121.340087890625,22.90093761709933,125.0,8.0,180.0,112.0,136.0,29.0,Malex.gen!J
121.5751953125,22.03232953828823,125.0,11.0,174.0,113.0,135.0,25.0,Malex.gen!J
120.640380859375,24.13326283877858,125.0,6.0,179.0,111.0,136.0,35.0,Malex.gen!J
122.045654296875,20.89661623282707,125.0,13.0,180.0,115.0,135.0,13.0,Malex.gen!J
120.50537109375,24.421219610107556,125.0,5.0,179.0,111.0,136.0,35.0,Malex.gen!J
121.393798828125,22.502678890491957,124.0,9.0,173.0,114.0,135.0,27.0,Malex.gen!J
121.9609375,20.821599397376843,125.0,12.0,174.0,114.0,134.0,13.0,Malex.gen!J
120.638427734375,23.539608365074933,124.0,3.0,181.0,112.0,135.0,32.0,Malex.gen!J
121.921630859375,21.153583216258486,125.0,12.0,170.0,114.0,135.0,14.0,Malex.gen!J
121.122314453125,22.95218216483308,125.0,8.0,176.0,113.0,135.0,28.0,Malex.gen!J
108.469970703125,48.40473263235816,117.0,0.0,223.0,88.0,142.0,405.0,Malex.gen!J
121.962890625,20.730909182921454,125.0,13.0,172.0,114.0,134.0,13.0,Malex.gen!J
122.1796875,20.423325969399396,125.0,14.0,175.0,115.0,134.0,14.0,Malex.gen!J
121.3642578125,22.690849267155752,124.0,9.0,182.0,113.0,135.0,29.0,Malex.gen!J
120.98291015625,23.062271359972126,124.0,5.0,177.0,113.0,135.25,28.0,Malex.gen!J
120.79248046875,23.689507708854986,124.0,6.0,182.0,112.0,135.0,32.0,Malex.gen!J
121.72021484375,22.190511273488994,125.0,8.0,176.0,114.0,135.0,24.0,Malex.gen!J
122.25634765625,20.90637165370608,125.0,12.0,170.0,115.0,134.0,13.0,Malex.gen!J
121.35205078125,21.804967935167234,125.0,9.0,175.0,114.0,135.0,23.0,Malex.gen!J
120.59765625,24.39099503993402,124.0,5.0,175.0,112.0,135.0,36.0,Malex.gen!J
120.782958984375,24.002583939560786,124.0,2.0,188.0,112.0,135.0,34.0,Malex.gen!J
121.262451171875,22.91531233267957,125.0,8.0,177.0,113.0,135.0,28.0,Malex.gen!J
121.028076171875,23.99739452837428,124.0,5.0,189.0,111.0,136.0,37.0,Malex.gen!J
106.101806640625,27.54284015149944,113.0,5.0,156.0,94.0,126.0,73.0,Swizzor.gen!E
103.033203125,29.48212466726644,109.0,0.0,152.0,87.0,126.0,131.0,Swizzor.gen!E
104.39794921875,27.731392193357266,111.0,13.0,151.0,94.0,125.0,37.0,Swizzor.gen!E
105.996337890625,28.11274448723532,114.0,0.0,148.0,92.0,127.0,128.0,Swizzor.gen!E
102.6474609375,28.729786260137086,107.0,4.0,149.0,88.0,126.0,122.0,Swizzor.gen!E
105.302490234375,26.449281758064487,110.0,9.0,149.0,93.0,126.0,80.0,Swizzor.gen!E
105.69775390625,28.130302535456543,114.0,6.0,153.0,94.0,126.0,69.0,Swizzor.gen!E
107.874755859375,26.156066819829086,113.5,0.0,152.0,97.0,126.0,133.0,Swizzor.gen!E
101.340576171875,26.748101094620267,106.0,18.0,148.0,91.0,122.0,22.0,Swizzor.gen!E
105.27490234375,26.050340294949137,107.0,0.0,151.0,91.0,126.0,106.0,Swizzor.gen!E
106.447265625,28.85301097846104,116.0,5.0,152.0,94.0,127.0,97.0,Swizzor.gen!E
101.345947265625,28.83393315780526,105.0,5.0,151.0,87.0,125.0,154.0,Swizzor.gen!E
102.547607421875,28.77640905165866,109.0,1.0,152.0,85.0,126.0,69.0,Swizzor.gen!E
103.2080078125,26.515780500721434,107.0,8.0,151.0,85.0,126.0,40.0,Swizzor.gen!E
103.712158203125,28.687464403408796,109.0,3.0,150.0,90.0,126.0,132.0,Swizzor.gen!E
104.11181640625,29.041023600740957,111.0,6.0,158.0,91.0,127.0,80.0,Swizzor.gen!E
102.429443359375,25.551904173988945,101.0,7.0,154.0,90.0,123.0,124.0,Swizzor.gen!E
107.044189453125,26.597233732365993,113.0,0.0,149.0,94.0,127.0,98.0,Swizzor.gen!E
104.615966796875,29.381851410811787,110.0,0.0,150.0,95.0,126.0,163.0,Swizzor.gen!E
104.62451171875,29.78876028000148,114.0,0.0,150.0,89.0,127.0,116.0,Swizzor.gen!E
103.578125,27.392193694383533,109.0,10.0,149.0,89.0,125.0,59.0,Swizzor.gen!E
105.40234375,27.5767525220626,110.0,0.0,153.0,95.0,126.0,75.0,Swizzor.gen!E
102.5166015625,29.93276511639248,108.0,0.0,152.0,84.0,127.0,134.0,Swizzor.gen!E
106.238525390625,27.760968591214574,112.0,0.0,149.0,96.0,126.0,134.0,Swizzor.gen!E
106.1201171875,28.096578097119178,113.0,0.0,152.0,96.0,127.0,65.0,Swizzor.gen!E
102.263671875,28.334554541206113,104.0,0.0,155.0,87.0,126.0,136.0,Swizzor.gen!E
94.00341796875,25.448841682972326,90.0,0.0,149.0,82.0,113.0,129.0,Swizzor.gen!E
107.87158203125,27.550798484010443,115.0,0.0,161.0,98.0,127.0,110.0,Swizzor.gen!E
105.112548828125,27.00673163239885,111.0,13.0,150.0,95.0,125.0,52.0,Swizzor.gen!E
105.637939453125,25.494695680935703,110.0,12.0,150.0,94.0,125.0,56.0,Swizzor.gen!E
96.388427734375,27.013347627923558,93.0,3.0,153.0,81.0,122.0,119.0,Swizzor.gen!E
103.405029296875,29.20343455726651,110.0,5.0,151.0,90.0,126.0,94.0,Swizzor.gen!E
104.467041015625,28.206304142741725,111.0,16.0,148.0,93.0,126.0,48.0,Swizzor.gen!E
102.96826171875,27.868920450144877,106.0,9.0,151.0,90.0,126.0,39.0,Swizzor.gen!E
102.864013671875,26.81027478207633,103.0,5.0,159.0,88.0,126.0,99.0,Swizzor.gen!E
104.853759765625,27.460711468218097,110.0,0.0,152.0,92.0,126.0,69.0,Swizzor.gen!E
106.46875,28.348521511271095,113.0,0.0,152.0,92.0,127.0,125.0,Swizzor.gen!E
100.7587890625,28.78619360533154,103.0,0.0,147.0,86.0,125.0,100.0,Swizzor.gen!E
102.411376953125,25.826124912321102,106.0,11.0,146.0,94.0,121.0,51.0,Swizzor.gen!E
103.137939453125,28.73897998806058,110.0,6.0,150.0,85.0,127.0,40.0,Swizzor.gen!E
106.56591796875,26.595054509300144,115.0,6.0,148.0,93.0,126.0,37.0,Swizzor.gen!E
104.93994140625,28.386833408009192,112.0,0.0,153.0,89.0,127.0,130.0,Swizzor.gen!E
105.708251953125,27.066723296887446,111.0,0.0,156.0,94.0,126.0,121.0,Swizzor.gen!E
106.543701171875,27.549051501731903,113.0,7.0,156.0,94.0,127.0,99.0,Swizzor.gen!E
106.64111328125,25.759073968785348,111.0,8.0,150.0,95.0,126.0,56.0,Swizzor.gen!E
106.305908203125,26.475158319864413,112.0,8.0,150.0,93.0,126.0,33.0,Swizzor.gen!E
106.01953125,26.479615342495507,111.0,7.0,161.0,93.0,127.0,20.0,Swizzor.gen!E
103.860107421875,28.33501812831978,110.0,8.0,152.0,91.0,126.0,87.0,Swizzor.gen!E
104.755859375,27.666805274646812,110.0,3.0,148.0,89.0,126.0,132.0,Swizzor.gen!E
106.786376953125,28.198974243702,114.0,6.0,157.0,97.0,127.0,126.0,Swizzor.gen!E
78.80712890625,63.79916079329489,91.0,0.0,236.0,0.0,133.0,1381.0,Agent.FYI
78.787109375,63.30637687755505,92.0,0.0,248.0,0.0,132.0,1385.0,Agent.FYI
68.485107421875,65.14334234324039,65.0,0.0,228.0,0.0,125.0,1684.0,Agent.FYI
80.223876953125,64.1914474063756,95.0,0.0,230.0,0.0,135.0,1364.0,Agent.FYI
79.505126953125,64.42709870802116,91.5,0.0,234.0,0.0,134.0,1382.0,Agent.FYI
77.84521484375,63.040107416770034,90.0,0.0,239.0,0.0,130.0,1388.0,Agent.FYI
80.473876953125,64.75796133192947,96.0,0.0,220.0,0.0,136.0,1383.0,Agent.FYI
68.5224609375,65.00722228053809,65.0,0.0,240.0,0.0,126.0,1686.0,Agent.FYI
79.28125,64.17948541127647,92.0,0.0,226.0,0.0,135.0,1388.0,Agent.FYI
54.05224609375,58.87362495768532,28.0,0.0,223.0,0.0,106.0,2004.0,Agent.FYI
80.450927734375,64.57571133372436,97.0,0.0,226.0,0.0,135.0,1384.0,Agent.FYI
68.84912109375,65.47140648853436,64.0,0.0,237.0,0.0,126.0,1684.0,Agent.FYI
79.277099609375,64.07303360797239,91.0,0.0,240.0,0.0,132.25,1380.0,Agent.FYI
76.2216796875,58.67849021221405,88.5,0.0,218.0,4.0,125.0,1286.0,Agent.FYI
79.639892578125,67.6167390430549,86.0,0.0,252.0,0.0,135.0,1402.0,Agent.FYI
77.299560546875,62.8501974859716,89.0,0.0,241.0,0.0,130.0,1385.0,Agent.FYI
79.54443359375,63.79441221268518,94.0,0.0,214.0,0.0,134.0,1379.0,Agent.FYI
55.237060546875,59.28141641015328,32.0,0.0,211.0,0.0,111.0,1959.0,Agent.FYI
78.892822265625,63.937713734091474,91.0,0.0,234.0,0.0,134.0,1389.0,Agent.FYI
80.25341796875,64.59165406944511,94.0,0.0,228.0,0.0,135.0,1387.0,Agent.FYI
64.56494140625,62.633791808924954,59.0,0.0,229.0,0.0,118.25,1702.0,Agent.FYI
80.593017578125,65.11934386483335,94.0,0.0,222.0,0.0,137.0,1385.0,Agent.FYI
79.359130859375,64.19609682287133,92.0,0.0,229.0,0.0,135.0,1387.0,Agent.FYI
79.272705078125,64.00188898813643,92.5,0.0,236.0,0.0,133.0,1388.0,Agent.FYI
78.75146484375,63.49818332018332,91.0,0.0,211.0,0.0,133.0,1381.0,Agent.FYI
78.70166015625,64.16958547761456,91.0,0.0,233.0,0.0,132.0,1385.0,Agent.FYI
68.605712890625,65.08514597915953,67.0,0.0,229.0,0.0,128.0,1701.0,Agent.FYI
77.715087890625,62.66969250198262,91.0,0.0,234.0,0.0,130.0,1394.0,Agent.FYI
81.100341796875,65.32826843054372,94.0,0.0,237.0,0.0,137.0,1380.0,Agent.FYI
77.292236328125,62.71137536270153,89.0,0.0,221.0,0.0,130.0,1387.0,Agent.FYI
80.990966796875,65.18438141541742,96.0,0.0,240.0,0.0,137.0,1383.0,Agent.FYI
75.18359375,61.66494873678207,85.0,0.0,222.0,0.0,128.0,1388.0,Agent.FYI
78.913818359375,63.519145001402485,93.0,0.0,221.0,0.0,132.0,1388.0,Agent.FYI
67.079833984375,64.26065180711727,63.0,0.0,224.0,0.0,124.0,1702.0,Agent.FYI
79.793701171875,64.46853542569538,92.0,0.0,216.0,0.0,135.0,1383.0,Agent.FYI
80.492431640625,64.53000105741465,93.0,0.0,225.0,0.0,135.0,1364.0,Agent.FYI
79.743896484375,64.10468951355985,92.0,0.0,235.0,0.0,134.0,1362.0,Agent.FYI
78.5732421875,63.59130835942299,91.0,0.0,231.0,0.0,133.0,1386.0,Agent.FYI
79.5673828125,64.3128784806187,93.0,0.0,221.0,0.0,133.0,1392.0,Agent.FYI
80.197021484375,64.82403692005629,93.0,0.0,231.0,0.0,135.0,1383.0,Agent.FYI
55.719482421875,60.14605166252801,30.0,0.0,230.0,0.0,110.0,1977.0,Agent.FYI
78.539306640625,63.29569987729619,94.0,0.0,224.0,0.0,132.0,1381.0,Agent.FYI
77.44873046875,62.38074410197762,90.0,0.0,227.0,0.0,129.25,1381.0,Agent.FYI
77.56005859375,62.911344074640596,89.0,0.0,232.0,0.0,131.0,1392.0,Agent.FYI
68.571044921875,65.98404630425127,62.0,0.0,231.0,0.0,130.0,1710.0,Agent.FYI
77.744140625,62.905454112294386,89.0,0.0,232.0,0.0,132.0,1386.0,Agent.FYI
67.234130859375,64.57969668368158,61.0,0.0,227.0,0.0,123.0,1691.0,Agent.FYI
68.682861328125,65.39243209283416,66.0,0.0,227.0,0.0,126.0,1684.0,Agent.FYI
79.901123046875,65.13938434825751,92.0,0.0,225.0,0.0,134.0,1386.0,Agent.FYI
80.608154296875,64.5518620373713,94.0,0.0,220.0,0.0,136.0,1362.0,Agent.FYI
104.576416015625,26.33992262467386,109.0,0.0,163.0,99.0,119.0,91.0,Skintrim.N
102.324951171875,25.649076389346305,108.0,0.0,161.0,98.0,117.0,132.0,Skintrim.N
104.563720703125,26.414354196927533,109.0,0.0,163.0,99.0,118.0,95.0,Skintrim.N
104.580322265625,26.45483499149815,109.0,0.0,159.0,99.0,119.0,133.0,Skintrim.N
105.016357421875,26.599055287742356,110.0,0.0,166.0,100.0,119.0,122.0,Skintrim.N
102.292236328125,26.061240944535797,108.0,0.0,151.0,97.0,117.0,130.0,Skintrim.N
104.489013671875,26.366480340587636,109.0,0.0,163.0,99.0,118.0,94.0,Skintrim.N
104.632080078125,26.38495139888858,109.0,0.0,162.0,99.0,118.0,92.0,Skintrim.N
102.0615234375,25.62879400311568,108.0,0.0,166.0,97.0,116.0,129.0,Skintrim.N
103.78369140625,26.688388957063705,109.0,0.0,165.0,98.0,118.0,131.0,Skintrim.N
104.573486328125,26.30803610728248,109.0,0.0,162.0,99.0,118.0,93.0,Skintrim.N
102.3681640625,26.093547943612105,108.0,0.0,156.0,97.0,117.0,131.0,Skintrim.N
104.6533203125,26.353033075089762,109.0,0.0,160.0,99.0,119.0,93.0,Skintrim.N
102.408447265625,25.66639980664075,108.0,0.0,168.0,98.0,117.0,132.0,Skintrim.N
104.70654296875,26.44149489915538,109.0,0.0,163.0,99.0,119.0,131.0,Skintrim.N
104.56884765625,26.340981583484677,109.0,0.0,160.0,99.0,118.0,91.0,Skintrim.N
104.642822265625,26.525490987217214,109.0,0.0,168.0,99.0,118.0,95.0,Skintrim.N
102.718994140625,25.548655147534124,109.0,0.0,152.0,98.0,117.0,110.0,Skintrim.N
102.28369140625,26.061696024141828,108.0,0.0,156.0,97.0,117.0,131.0,Skintrim.N
104.047607421875,26.25237022666253,109.0,0.0,160.0,99.0,118.0,102.0,Skintrim.N
104.447265625,26.178467497008747,109.0,0.0,160.0,99.0,118.0,92.0,Skintrim.N
103.603759765625,26.43034173785476,109.0,0.0,162.0,98.0,118.0,132.0,Skintrim.N
104.529052734375,26.32878125445375,109.0,0.0,163.0,99.0,118.0,92.0,Skintrim.N
102.218994140625,26.02418009793002,108.0,0.0,153.0,97.0,117.0,131.0,Skintrim.N
104.63037109375,26.434352565656198,109.0,0.0,162.0,99.0,119.0,131.0,Skintrim.N
102.25390625,25.99216724666704,108.0,0.0,155.0,97.0,117.0,131.0,Skintrim.N
102.792236328125,25.616939438773205,109.0,0.0,152.0,98.0,117.0,110.0,Skintrim.N
104.285400390625,26.417478044400948,109.0,0.0,165.0,98.0,118.0,128.0,Skintrim.N
104.73583984375,26.567178718050773,109.0,0.0,167.0,99.0,119.0,94.0,Skintrim.N
105.48095703125,26.560691641791657,110.0,0.0,170.0,100.0,119.0,94.0,Skintrim.N
104.70703125,26.505225188258134,109.0,0.0,162.0,99.0,119.0,131.0,Skintrim.N
102.757568359375,25.608055875597994,109.0,0.0,152.0,98.0,117.0,111.0,Skintrim.N
104.6201171875,26.487250499981442,109.0,0.0,157.0,99.0,119.0,134.0,Skintrim.N
104.693603515625,26.44048479942714,109.0,0.0,165.0,99.0,119.0,95.0,Skintrim.N
104.630859375,26.409605275807788,109.0,0.0,166.0,99.0,118.0,93.0,Skintrim.N
104.594970703125,26.362783458111892,109.0,0.0,164.0,99.0,118.0,91.0,Skintrim.N
102.35888671875,25.6448781346657,108.0,0.0,152.0,98.0,117.0,131.0,Skintrim.N
102.795166015625,25.611558709364413,109.0,0.0,159.0,98.0,117.0,110.0,Skintrim.N
102.316162109375,25.586640353267768,108.0,0.0,152.0,98.0,117.0,131.0,Skintrim.N
102.28515625,26.061998540870498,108.0,0.0,151.0,97.0,117.0,131.0,Skintrim.N
102.334228515625,25.621700631544115,108.0,0.0,156.0,98.0,117.0,131.0,Skintrim.N
104.691650390625,26.459365747363886,109.0,0.0,159.0,99.0,119.0,132.0,Skintrim.N
104.588623046875,26.40308704168061,109.0,0.0,167.0,99.0,118.0,92.0,Skintrim.N
104.776611328125,26.58704105007086,109.0,0.0,167.0,99.0,119.0,134.0,Skintrim.N
104.66650390625,26.48467664068609,109.0,0.0,167.0,99.0,118.25,92.0,Skintrim.N
103.761962890625,26.58372733530205,109.0,0.0,171.0,98.0,118.0,132.0,Skintrim.N
104.2490234375,26.37026021954136,109.0,0.0,164.0,98.0,118.0,127.0,Skintrim.N
104.643798828125,26.489252420029334,109.0,0.0,171.0,99.0,118.0,95.0,Skintrim.N
102.244140625,25.547968532477775,108.0,0.0,152.0,97.0,117.0,131.0,Skintrim.N
104.6064453125,26.37142484398021,109.0,0.0,165.0,99.0,118.0,95.0,Skintrim.N
117.422607421875,33.633339559432706,126.0,0.0,198.0,117.0,134.0,207.0,Obfuscator.AD
117.515869140625,33.74431726067555,126.0,0.0,198.0,117.0,134.0,207.0,Obfuscator.AD
117.435302734375,33.61871476175987,126.0,0.0,198.0,117.0,134.0,207.0,Obfuscator.AD
117.4248046875,33.65012290387998,126.0,0.0,198.0,117.0,134.0,206.0,Obfuscator.AD
117.466796875,33.6855920594583,126.0,0.0,198.0,117.0,134.0,206.0,Obfuscator.AD
117.331298828125,33.63529200169976,126.0,0.0,198.0,117.0,134.0,207.0,Obfuscator.AD
117.445556640625,33.64591828395563,126.0,0.0,198.0,117.0,134.0,207.0,Obfuscator.AD
117.43798828125,33.6764398334984,126.0,0.0,198.0,117.0,134.0,207.0,Obfuscator.AD
117.48828125,33.65180825168832,126.0,0.0,198.0,117.0,134.0,207.0,Obfuscator.AD
117.4423828125,33.64603635335007,126.0,0.0,198.0,117.0,134.0,207.0,Obfuscator.AD
117.54931640625,33.73929242068252,126.0,0.0,198.0,117.0,134.0,206.0,Obfuscator.AD
117.51171875,33.695092189677986,126.0,0.0,198.0,117.0,134.0,206.0,Obfuscator.AD
117.409912109375,33.653467117307734,126.0,0.0,198.0,117.0,134.0,207.0,Obfuscator.AD
117.436279296875,33.663943268588476,126.0,0.0,198.0,117.0,134.0,206.0,Obfuscator.AD
117.53564453125,33.73616902615266,126.0,0.0,198.0,117.0,134.0,206.0,Obfuscator.AD
117.466796875,33.687258972551334,126.0,0.0,198.0,117.0,134.0,207.0,Obfuscator.AD
117.542236328125,33.75170963955139,126.0,0.0,198.0,117.0,134.0,206.0,Obfuscator.AD
117.492431640625,33.657025312350264,126.0,0.0,198.0,117.0,134.0,207.0,Obfuscator.AD
117.503662109375,33.66089200617617,126.0,0.0,198.0,117.0,134.0,207.0,Obfuscator.AD
117.47412109375,33.608874708750086,126.0,0.0,198.0,117.0,134.0,207.0,Obfuscator.AD
117.46826171875,33.66245109577218,126.0,0.0,198.0,117.0,134.0,207.0,Obfuscator.AD
117.4482421875,33.63435419428096,126.0,0.0,198.0,117.0,134.0,206.0,Obfuscator.AD
117.4072265625,33.655498287267925,126.0,0.0,198.0,117.0,134.0,206.0,Obfuscator.AD
117.466796875,33.67650230811894,126.0,0.0,198.0,117.0,134.0,207.0,Obfuscator.AD
117.59326171875,33.747035366114986,126.0,0.0,198.0,117.0,134.0,206.0,Obfuscator.AD
117.542236328125,33.702211150087564,126.0,0.0,198.0,117.0,134.0,207.0,Obfuscator.AD
117.400390625,33.67031739210238,126.0,0.0,198.0,117.0,134.0,207.0,Obfuscator.AD
117.4521484375,33.67277268631462,126.0,0.0,198.0,117.0,134.0,207.0,Obfuscator.AD
117.593017578125,33.724471538374914,126.0,0.0,198.0,117.0,134.0,207.0,Obfuscator.AD
117.403076171875,33.6292817950784,126.0,0.0,198.0,117.0,134.0,207.0,Obfuscator.AD
117.5478515625,33.747723523824035,126.0,0.0,198.0,117.0,134.0,206.0,Obfuscator.AD
117.49609375,33.678512025343565,126.0,0.0,198.0,117.0,134.0,207.0,Obfuscator.AD
117.45263671875,33.68958282755352,126.0,0.0,198.0,117.0,134.0,206.0,Obfuscator.AD
117.50341796875,33.676192270170475,126.0,0.0,198.0,117.0,134.0,206.0,Obfuscator.AD
117.482666015625,33.60101945070619,126.0,0.0,198.0,117.0,134.0,207.0,Obfuscator.AD
117.462646484375,33.687689459520975,126.0,0.0,198.0,117.0,134.0,207.0,Obfuscator.AD
117.469970703125,33.66248892671677,126.0,0.0,198.0,117.0,134.0,206.0,Obfuscator.AD
117.44140625,33.65523420552457,126.0,0.0,198.0,117.0,134.0,207.0,Obfuscator.AD
117.533447265625,33.745078553663525,126.0,0.0,198.0,117.0,134.0,206.0,Obfuscator.AD
117.477294921875,33.62501411632681,126.0,0.0,198.0,117.0,134.0,207.0,Obfuscator.AD
117.4326171875,33.658735844043214,126.0,0.0,198.0,117.0,134.0,206.0,Obfuscator.AD
117.536376953125,33.72418203694541,126.0,0.0,198.0,117.0,134.0,206.0,Obfuscator.AD
117.447998046875,33.64552305401301,126.0,0.0,198.0,117.0,134.0,207.0,Obfuscator.AD
117.438232421875,33.65229046463691,126.0,0.0,198.0,117.0,134.0,207.0,Obfuscator.AD
117.443603515625,33.639318557757676,126.0,0.0,198.0,117.0,134.0,207.0,Obfuscator.AD
117.482177734375,33.652059493411365,126.0,0.0,198.0,117.0,134.0,207.0,Obfuscator.AD
117.4755859375,33.66444436062776,126.0,0.0,198.0,117.0,134.0,206.0,Obfuscator.AD
117.483154296875,33.68809005471795,126.0,0.0,198.0,117.0,134.0,206.0,Obfuscator.AD
117.51611328125,33.75013359537881,126.0,0.0,198.0,117.0,134.0,206.0,Obfuscator.AD
117.482177734375,33.63428041575437,126.0,0.0,198.0,117.0,134.0,207.0,Obfuscator.AD
75.13623046875,57.31727075844491,89.0,0.0,228.0,2.0,122.0,1291.0,Lolyda.AA2
73.025390625,57.107336573092006,84.0,0.0,237.0,4.75,120.0,1344.0,Lolyda.AA2
73.5595703125,57.36564948155271,85.0,0.0,223.0,4.0,120.0,1309.0,Lolyda.AA2
99.75,49.72038023725784,104.0,0.0,241.0,69.0,134.0,447.0,Lolyda.AA2
74.103271484375,58.08989471675465,85.0,0.0,240.0,3.0,121.0,1329.0,Lolyda.AA2
97.419677734375,47.046632591264114,103.0,0.0,242.0,73.0,129.0,478.0,Lolyda.AA2
75.380615234375,57.469874965304534,89.0,0.0,229.0,2.0,122.0,1283.0,Lolyda.AA2
72.7880859375,57.326700587445416,84.0,0.0,237.0,4.0,120.0,1371.0,Lolyda.AA2
73.286865234375,57.49706585021693,85.0,0.0,223.0,3.0,120.0,1333.0,Lolyda.AA2
73.2705078125,56.883773956954336,86.0,0.0,224.0,3.0,119.0,1330.0,Lolyda.AA2
97.4189453125,47.06506023560773,103.0,0.0,242.0,73.0,129.0,481.0,Lolyda.AA2
73.25048828125,56.94686608060365,86.0,0.0,224.0,3.0,120.0,1336.0,Lolyda.AA2
72.398681640625,54.57093370011689,82.0,0.0,210.0,11.0,116.0,1194.0,Lolyda.AA2
97.1591796875,47.52994074576401,103.0,0.0,242.0,73.0,129.0,502.0,Lolyda.AA2
72.183349609375,54.698443780983084,84.0,0.0,237.0,4.0,115.0,1229.0,Lolyda.AA2
72.94482421875,57.180360573545386,84.0,0.0,237.0,5.0,120.0,1362.0,Lolyda.AA2
73.360107421875,57.35638876716643,85.0,0.0,223.0,4.0,120.0,1315.0,Lolyda.AA2
75.16943359375,57.337470733106194,89.0,0.0,228.0,2.0,122.0,1294.0,Lolyda.AA2
73.150634765625,57.1087274637315,86.0,0.0,224.0,2.0,120.0,1354.0,Lolyda.AA2
102.44580078125,49.112444641808324,106.0,0.0,236.0,73.0,137.0,376.0,Lolyda.AA2
75.211669921875,57.33799247785929,89.0,0.0,228.0,2.75,122.0,1294.0,Lolyda.AA2
72.1123046875,56.211424141925235,83.0,0.0,232.0,7.0,118.0,1347.0,Lolyda.AA2
74.063232421875,58.14027987754229,85.0,0.0,240.0,3.0,121.0,1337.0,Lolyda.AA2
99.708740234375,49.764453790916896,104.0,0.0,241.0,69.0,134.0,444.0,Lolyda.AA2
73.864501953125,58.31854913732352,85.0,0.0,240.0,3.0,121.0,1357.0,Lolyda.AA2
73.619140625,57.25599096010805,85.0,0.0,223.0,4.0,120.0,1301.0,Lolyda.AA2
73.4833984375,57.43732332818855,85.0,0.0,223.0,3.0,120.0,1317.0,Lolyda.AA2
75.150390625,57.33840949112918,89.0,0.0,228.0,2.0,122.0,1294.0,Lolyda.AA2
97.267578125,47.3819687279958,103.0,0.0,242.0,73.0,129.0,500.0,Lolyda.AA2
72.97900390625,57.142225491872885,84.0,0.0,237.0,4.75,120.0,1351.0,Lolyda.AA2
72.992431640625,57.126920537884864,84.0,0.0,237.0,4.0,120.0,1350.0,Lolyda.AA2
98.0361328125,47.999467598426136,104.0,0.0,241.0,73.0,130.0,506.0,Lolyda.AA2
99.972412109375,48.86901008933387,106.0,0.0,231.0,74.0,133.0,519.0,Lolyda.AA2
73.258056640625,57.09749199673401,86.0,0.0,224.0,3.0,120.0,1343.0,Lolyda.AA2
101.04345703125,51.71500237708043,107.0,0.0,227.0,67.0,139.0,504.0,Lolyda.AA2
102.464111328125,49.08869902696018,106.0,0.0,236.0,73.0,137.0,373.0,Lolyda.AA2
96.01025390625,47.37321063917514,101.0,0.0,237.0,71.0,128.0,507.0,Lolyda.AA2
72.306884765625,56.03237686630384,83.0,0.0,232.0,8.0,118.0,1329.0,Lolyda.AA2
72.094482421875,54.85446039316294,84.0,0.0,237.0,4.0,115.0,1255.0,Lolyda.AA2
99.714599609375,49.5807012777669,103.0,0.0,241.0,69.0,134.0,419.0,Lolyda.AA2
73.018798828125,57.117908375140416,84.0,0.0,237.0,4.0,120.0,1350.0,Lolyda.AA2
75.162353515625,57.83826080390332,88.0,0.0,228.0,5.0,122.0,1343.0,Lolyda.AA2
75.13623046875,57.842424652644745,88.0,0.0,228.0,5.0,122.0,1345.0,Lolyda.AA2
72.607177734375,55.85273550789168,83.0,0.0,232.0,8.0,118.0,1295.0,Lolyda.AA2
97.550048828125,47.12624785936499,103.0,0.0,242.0,73.0,129.0,473.0,Lolyda.AA2
97.6064453125,47.08008155846479,103.0,0.0,242.0,73.0,129.0,464.0,Lolyda.AA2
72.9775390625,57.15566039367874,84.0,0.0,237.0,4.0,120.0,1353.0,Lolyda.AA2
73.82958984375,58.34943032260381,85.0,0.0,240.0,3.0,121.0,1359.0,Lolyda.AA2
72.833984375,57.29154024237353,84.0,0.0,237.0,4.0,120.0,1365.0,Lolyda.AA2
75.43359375,57.44183100829012,89.0,0.0,229.0,2.0,122.0,1278.0,Lolyda.AA2
179.895751953125,54.49283318632688,204.0,0.0,210.0,204.0,204.0,220.0,Lolyda.AA3
180.24951171875,54.5238466478403,204.0,2.0,209.0,204.0,204.0,257.0,Lolyda.AA3
181.54248046875,53.25750159986642,204.0,1.0,209.0,204.0,204.0,240.0,Lolyda.AA3
181.617919921875,53.10753169765118,204.0,1.0,209.0,204.0,204.0,240.0,Lolyda.AA3
182.6259765625,51.19676397609961,204.0,0.0,209.0,204.0,204.0,173.0,Lolyda.AA3
133.560791015625,30.48682501942305,144.0,0.0,179.0,144.0,144.0,164.0,Lolyda.AA3
180.198974609375,54.64854156015235,204.0,2.0,209.0,204.0,204.0,258.0,Lolyda.AA3
182.641845703125,51.15597221320063,204.0,0.0,209.0,204.0,204.0,173.0,Lolyda.AA3
181.452392578125,54.02073602824551,204.0,2.0,209.0,204.0,204.0,232.0,Lolyda.AA3
183.219482421875,49.730611420252146,204.0,0.0,209.0,204.0,204.0,165.0,Lolyda.AA3
180.23876953125,54.5504722643828,204.0,2.0,209.0,204.0,204.0,258.0,Lolyda.AA3
183.0615234375,50.098254281503046,204.0,0.0,209.0,204.0,204.0,173.0,Lolyda.AA3
184.4189453125,49.809581474854156,204.0,1.0,210.0,204.0,204.0,199.0,Lolyda.AA3
182.3525390625,51.74811980844726,204.0,0.0,209.0,204.0,204.0,167.0,Lolyda.AA3
181.422119140625,54.09708331188469,204.0,2.0,209.0,204.0,204.0,236.0,Lolyda.AA3
180.25927734375,53.870274787936324,204.0,0.0,210.0,204.0,204.0,214.0,Lolyda.AA3
181.450439453125,54.023079782820076,204.0,2.0,209.0,204.0,204.0,233.0,Lolyda.AA3
182.8486328125,50.39045337263347,204.0,2.0,209.0,204.0,204.0,176.0,Lolyda.AA3
181.53271484375,53.27299609870604,204.0,1.0,209.0,204.0,204.0,241.0,Lolyda.AA3
180.262939453125,53.856434895385206,204.0,0.0,210.0,204.0,204.0,216.0,Lolyda.AA3
133.56494140625,30.47583541648209,144.0,0.0,179.0,144.0,144.0,163.0,Lolyda.AA3
181.57080078125,53.20712280265561,204.0,1.0,209.0,204.0,204.0,240.0,Lolyda.AA3
182.8720703125,50.327819302189184,204.0,2.0,209.0,204.0,204.0,173.0,Lolyda.AA3
180.224609375,54.58402567805358,204.0,2.0,209.0,204.0,204.0,257.0,Lolyda.AA3
181.62060546875,53.108040539506895,204.0,0.0,209.0,204.0,204.0,241.0,Lolyda.AA3
181.55859375,53.228809277354316,204.0,1.0,209.0,204.0,204.0,241.0,Lolyda.AA3
182.84130859375,50.41514870930495,204.0,2.0,209.0,204.0,204.0,176.0,Lolyda.AA3
181.4248046875,54.08668362605511,204.0,2.0,209.0,204.0,204.0,233.0,Lolyda.AA3
180.22314453125,54.59108475422679,204.0,2.0,209.0,204.0,204.0,259.0,Lolyda.AA3
182.850830078125,50.384415453590734,204.0,2.0,209.0,204.0,204.0,173.0,Lolyda.AA3
182.62109375,51.21128000338364,204.0,0.0,209.0,204.0,204.0,176.0,Lolyda.AA3
182.600341796875,51.26750548860164,204.0,0.0,209.0,204.0,204.0,176.0,Lolyda.AA3
180.245849609375,53.89736663544143,204.0,0.0,210.0,204.0,204.0,215.0,Lolyda.AA3
184.399169921875,49.870658775805694,204.0,1.0,210.0,204.0,204.0,201.0,Lolyda.AA3
182.8154296875,50.48867269515504,204.0,2.0,209.0,204.0,204.0,180.0,Lolyda.AA3
182.641357421875,51.15634581650678,204.0,0.0,209.0,204.0,204.0,174.0,Lolyda.AA3
180.219970703125,54.600588989203146,204.0,2.0,209.0,204.0,204.0,259.0,Lolyda.AA3
181.4580078125,54.00737520468792,204.0,2.0,209.0,204.0,204.0,231.0,Lolyda.AA3
181.873291015625,52.67670049378002,204.0,0.0,209.0,204.0,204.0,220.0,Lolyda.AA3
133.54345703125,30.539550211347823,144.0,0.0,179.0,144.0,144.0,166.0,Lolyda.AA3
182.858154296875,50.36325707298556,204.0,2.0,209.0,204.0,204.0,176.0,Lolyda.AA3
181.429931640625,54.079215015336665,204.0,2.0,209.0,204.0,204.0,235.0,Lolyda.AA3
182.5576171875,51.36142708276761,204.0,0.0,206.0,204.0,204.0,171.0,Lolyda.AA3
180.28369140625,53.81028221735154,204.0,0.0,210.0,204.0,204.0,214.0,Lolyda.AA3
184.406494140625,49.84906463450957,204.0,1.0,210.0,204.0,204.0,199.0,Lolyda.AA3
180.218017578125,54.602532900910404,204.0,2.0,209.0,204.0,204.0,259.0,Lolyda.AA3
181.601318359375,53.14227649429692,204.0,1.0,209.0,204.0,204.0,240.0,Lolyda.AA3
182.84814453125,50.39249644271566,204.0,2.0,209.0,204.0,204.0,175.0,Lolyda.AA3
181.60400390625,53.141393826987496,204.0,1.0,209.0,204.0,204.0,240.0,Lolyda.AA3
180.2724609375,53.835460615889936,204.0,0.0,210.0,204.0,204.0,212.0,Lolyda.AA3
122.690673828125,15.56108085067577,126.0,32.0,154.0,120.0,131.0,0.0,Wintrim.BX
122.862060546875,14.867965972532913,126.0,38.0,149.0,121.0,131.0,0.0,Wintrim.BX
122.761474609375,15.335680482860948,126.0,38.0,154.0,121.0,131.0,0.0,Wintrim.BX
122.859375,14.881703124663689,126.0,39.0,149.0,121.0,131.0,0.0,Wintrim.BX
123.439208984375,14.753830135634926,126.0,41.0,153.0,121.0,131.0,0.0,Wintrim.BX
122.76416015625,15.31921232592753,126.0,39.0,154.0,121.0,131.0,0.0,Wintrim.BX
121.760986328125,15.766863845151065,126.0,39.0,148.0,119.0,130.0,0.0,Wintrim.BX
122.765625,15.31375154324129,126.0,42.0,154.0,121.0,131.0,0.0,Wintrim.BX
122.0244140625,15.77559891544699,126.0,34.0,151.0,120.0,130.0,0.0,Wintrim.BX
123.047607421875,15.322236354160493,126.0,35.0,148.0,121.0,131.0,0.0,Wintrim.BX
122.8701171875,14.822936908049535,126.0,42.0,149.0,121.0,131.0,0.0,Wintrim.BX
122.03466796875,15.73313423878703,126.0,34.0,151.0,120.0,130.0,0.0,Wintrim.BX
123.340087890625,16.98781199102095,127.0,38.0,172.0,121.0,131.0,0.0,Wintrim.BX
123.430419921875,14.79724763322484,126.0,40.0,153.0,121.0,131.0,0.0,Wintrim.BX
120.80615234375,17.222635145860124,125.0,28.0,167.0,117.0,131.0,0.0,Wintrim.BX
119.727783203125,19.377415917115318,125.0,26.0,150.0,118.0,131.0,0.0,Wintrim.BX
123.434814453125,14.772134770852471,126.0,40.0,153.0,121.0,131.0,0.0,Wintrim.BX
123.44140625,14.747201945113552,126.0,40.0,153.0,121.0,131.0,0.0,Wintrim.BX
123.02685546875,14.75752130385717,126.0,37.0,151.0,121.0,131.0,0.0,Wintrim.BX
123.0283203125,14.752984957201031,126.0,36.0,151.0,121.0,131.0,0.0,Wintrim.BX
122.859375,14.88178515154936,126.0,36.0,149.0,121.0,131.0,0.0,Wintrim.BX
122.684814453125,15.580170811777581,126.0,32.0,154.0,120.0,131.0,0.0,Wintrim.BX
122.7666015625,15.31406936388472,126.0,38.0,154.0,121.0,131.0,0.0,Wintrim.BX
122.733642578125,18.65430268870796,126.0,35.0,185.0,119.0,131.0,0.0,Wintrim.BX
122.3974609375,15.494005059115981,126.0,39.0,155.0,121.0,130.0,0.0,Wintrim.BX
120.114013671875,17.61269347901537,125.0,36.0,152.0,117.0,131.0,0.0,Wintrim.BX
119.758544921875,19.511203468094237,125.0,17.0,153.0,118.0,131.0,7.0,Wintrim.BX
121.76025390625,15.772433872044974,126.0,40.0,148.0,119.0,130.0,0.0,Wintrim.BX
119.752685546875,19.51917420725453,125.0,17.0,153.0,118.0,131.0,7.0,Wintrim.BX
121.755615234375,15.794505346265371,126.0,37.0,148.0,119.0,130.0,0.0,Wintrim.BX
122.02880859375,15.765559964759454,126.0,33.0,151.0,120.0,130.0,0.0,Wintrim.BX
122.680908203125,15.597929260707721,126.0,32.0,154.0,120.0,131.0,0.0,Wintrim.BX
122.871826171875,14.823025900955876,126.0,40.0,149.0,121.0,131.0,0.0,Wintrim.BX
122.3408203125,15.73613767779716,126.0,40.0,147.0,120.0,131.0,0.0,Wintrim.BX
122.85986328125,14.87100755182069,126.0,40.0,149.0,121.0,131.0,0.0,Wintrim.BX
123.052978515625,15.300054761299293,126.0,34.0,148.0,121.0,131.0,0.0,Wintrim.BX
122.029052734375,15.758349277581404,126.0,34.0,151.0,120.0,130.0,0.0,Wintrim.BX
123.3564453125,14.495887666479648,126.0,38.0,145.0,121.0,131.0,0.0,Wintrim.BX
119.755859375,19.512802909538,125.0,17.0,153.0,118.0,131.0,7.0,Wintrim.BX
122.02490234375,15.779791547404097,126.0,34.0,151.0,120.0,130.0,0.0,Wintrim.BX
123.021240234375,14.780152840653194,126.0,37.0,151.0,121.0,131.0,0.0,Wintrim.BX
119.7578125,19.5156547112464,125.0,17.0,153.0,118.0,131.0,7.0,Wintrim.BX
123.176513671875,16.73443613299433,126.0,41.0,171.0,120.0,131.0,0.0,Wintrim.BX
120.475830078125,18.108125274890455,125.0,36.0,149.0,118.0,131.0,0.0,Wintrim.BX
123.434814453125,14.770200972971852,126.0,42.0,153.0,121.0,131.0,0.0,Wintrim.BX
122.528076171875,15.178018928818505,126.0,40.0,148.0,120.0,131.0,0.0,Wintrim.BX
123.42822265625,15.746689395526102,127.0,38.0,167.0,121.0,131.0,0.0,Wintrim.BX
119.75537109375,19.51768830313229,125.0,17.0,153.0,118.0,131.0,7.0,Wintrim.BX
122.867919921875,14.842117876370862,126.0,40.0,149.0,121.0,131.0,0.0,Wintrim.BX
123.19384765625,16.670682104706046,126.0,40.0,171.0,120.0,131.0,0.0,Wintrim.BX
121.921875,22.38024227171424,123.0,0.0,183.0,111.0,136.0,49.0,Allaple.L
122.49462890625,22.400985924063743,124.0,1.0,193.0,111.0,137.0,47.0,Allaple.L
123.48486328125,22.250225274949365,125.0,0.0,181.0,113.0,137.0,56.0,Allaple.L
122.977294921875,22.04518003997818,125.0,1.0,188.0,112.0,136.0,52.0,Allaple.L
122.432861328125,23.02471676791028,124.0,0.0,223.0,110.0,137.0,49.0,Allaple.L
122.350830078125,22.3856733947051,124.0,1.0,184.0,111.0,136.0,50.0,Allaple.L
123.29150390625,22.326686799464692,125.0,3.0,187.0,113.0,138.0,49.0,Allaple.L
123.623046875,22.072025566122218,125.0,3.0,190.0,113.0,137.0,48.0,Allaple.L
121.925537109375,22.576066562840275,124.0,0.0,187.0,111.0,136.0,51.0,Allaple.L
118.357666015625,28.999221346324834,121.0,0.0,195.0,104.0,137.0,73.0,Allaple.L
122.134521484375,22.518649381920458,124.0,1.0,177.0,111.0,136.0,51.0,Allaple.L
123.171142578125,22.376740445210686,125.0,2.0,192.0,112.0,137.0,44.0,Allaple.L
122.931396484375,22.218495748436005,125.0,1.0,185.0,112.0,137.0,50.0,Allaple.L
123.092041015625,22.629608800575138,125.0,0.0,192.0,112.0,137.0,48.0,Allaple.L
123.1494140625,21.918954492925234,125.0,0.0,180.0,112.0,137.0,48.0,Allaple.L
123.144775390625,22.77018307681988,125.0,2.0,183.0,112.0,138.0,50.0,Allaple.L
123.97119140625,22.39728399206422,126.0,6.0,192.0,113.0,138.0,55.0,Allaple.L
120.51513671875,24.06924145379317,123.0,3.0,187.0,108.0,137.0,51.0,Allaple.L
121.150634765625,24.008411501789535,124.0,0.0,192.0,109.0,137.0,50.0,Allaple.L
122.82275390625,22.74092645795242,124.0,2.0,189.0,112.0,137.0,52.0,Allaple.L
124.0478515625,21.969431338861877,126.0,0.0,177.0,113.0,138.0,49.0,Allaple.L
122.62646484375,22.03989464271654,125.0,4.0,185.0,112.0,137.0,46.0,Allaple.L
119.811279296875,24.902167555241792,122.0,0.0,215.0,107.0,136.0,55.0,Allaple.L
123.485107421875,21.816467961264188,125.0,1.0,186.0,113.0,136.25,45.0,Allaple.L
120.966796875,22.74655217464265,123.0,0.0,199.0,109.0,135.0,49.0,Allaple.L
123.517578125,22.340016812119266,125.0,0.0,183.0,113.0,137.0,51.0,Allaple.L
122.878173828125,22.04867555955961,125.0,0.0,180.0,112.0,137.0,45.0,Allaple.L
123.103271484375,22.557734716664037,126.0,0.0,184.0,112.0,137.0,48.0,Allaple.L
123.724365234375,22.043169472602024,126.0,2.0,176.0,113.0,137.0,52.0,Allaple.L
119.156494140625,24.653995694908666,122.0,0.0,211.0,106.0,135.0,44.0,Allaple.L
123.61474609375,22.220706166832752,125.0,3.0,184.0,112.0,138.0,55.0,Allaple.L
122.411376953125,22.412350055673826,124.0,0.0,198.0,112.0,136.0,56.0,Allaple.L
123.989013671875,22.378537744147167,126.0,0.0,200.0,113.0,138.0,51.0,Allaple.L
123.73583984375,22.048254622800645,125.0,0.0,179.0,113.0,138.0,52.0,Allaple.L
122.594970703125,22.49613170087355,125.0,1.0,183.0,112.0,137.0,53.0,Allaple.L
121.145751953125,23.358199103367006,123.0,0.0,213.0,109.0,136.0,48.0,Allaple.L
122.275146484375,22.773022937436547,124.0,3.0,191.0,111.0,136.0,48.0,Allaple.L
122.329345703125,22.610140108029142,124.0,0.0,177.0,111.0,136.0,56.0,Allaple.L
123.4033203125,22.116996890977873,125.0,2.0,182.0,113.0,137.0,52.0,Allaple.L
124.109130859375,21.650252926551623,126.0,6.0,192.0,114.0,137.0,52.0,Allaple.L
123.47119140625,21.854971861453542,125.0,1.0,180.0,113.0,137.0,48.0,Allaple.L
121.979736328125,22.41704171619166,124.0,1.0,213.0,111.0,136.0,52.0,Allaple.L
123.085693359375,22.269100176338153,125.0,0.0,189.0,112.0,137.0,48.0,Allaple.L
122.6083984375,22.327943879895155,124.5,1.0,191.0,111.0,136.0,48.0,Allaple.L
124.234619140625,22.28182815588136,126.0,0.0,182.0,114.0,138.0,58.0,Allaple.L
123.138427734375,22.12725376649192,125.0,1.0,181.0,112.0,137.0,51.0,Allaple.L
123.794189453125,22.168199691577797,126.0,0.0,184.0,113.0,138.0,50.0,Allaple.L
122.779541015625,22.223232261151466,125.0,3.0,175.0,112.0,136.0,48.0,Allaple.L
123.978271484375,22.376620632224245,126.0,2.0,184.0,113.0,138.0,47.0,Allaple.L
123.808837890625,22.08316865640695,126.0,2.0,196.0,114.0,137.0,48.0,Allaple.L
105.38525390625,45.61891030992761,123.0,0.0,172.0,107.0,133.0,508.0,Alueron.gen!J
104.29736328125,47.5212427096842,123.0,0.0,179.0,107.0,133.0,614.0,Alueron.gen!J
117.73046875,32.218463707733235,125.0,0.0,175.0,114.0,135.0,186.0,Alueron.gen!J
102.57666015625,49.299006809865794,123.0,0.0,174.0,105.0,133.0,698.0,Alueron.gen!J
107.092041015625,45.032226688903776,124.0,0.0,168.0,111.0,133.0,583.0,Alueron.gen!J
117.8662109375,31.376216530486996,125.0,0.0,175.0,113.0,135.0,180.0,Alueron.gen!J
104.73828125,46.406816698717854,123.0,0.0,171.0,107.0,133.0,584.0,Alueron.gen!J
105.2314453125,46.02509343864575,123.0,0.0,174.0,107.0,134.0,582.0,Alueron.gen!J
105.184326171875,46.22678321874654,123.0,0.0,167.0,106.0,133.0,575.0,Alueron.gen!J
104.79345703125,46.4410098791554,123.0,0.0,177.0,107.0,134.0,593.0,Alueron.gen!J
102.445556640625,48.961659553502884,123.0,0.0,171.0,103.75,133.0,714.0,Alueron.gen!J
118.030029296875,31.302305079969017,125.0,0.0,169.0,113.0,135.0,178.0,Alueron.gen!J
98.603515625,51.57998782367422,121.5,0.0,173.0,86.0,133.0,821.0,Alueron.gen!J
104.82373046875,46.762319601588445,123.0,0.0,171.0,107.0,134.0,596.0,Alueron.gen!J
106.10693359375,45.472822957306356,123.0,0.0,172.0,107.0,133.0,565.0,Alueron.gen!J
102.907470703125,48.3742125142735,123.0,0.0,180.0,106.0,133.0,662.0,Alueron.gen!J
97.81884765625,52.310795561393,122.0,0.0,179.0,55.0,133.0,848.0,Alueron.gen!J
108.06982421875,44.37822399785142,124.0,0.0,165.0,113.0,133.0,582.0,Alueron.gen!J
105.787109375,45.41252526582603,123.0,0.0,167.0,106.0,134.0,528.0,Alueron.gen!J
102.640380859375,49.0904162244457,123.0,0.0,168.0,104.75,133.0,707.0,Alueron.gen!J
104.7861328125,47.0469208016833,124.0,0.0,177.0,108.0,134.0,608.0,Alueron.gen!J
104.6640625,46.591747709115225,123.0,0.0,173.0,107.0,133.0,613.0,Alueron.gen!J
118.350830078125,31.343924698765914,126.0,0.0,170.0,114.0,136.0,174.0,Alueron.gen!J
104.9736328125,46.64790602805954,123.0,0.0,169.0,108.0,133.0,600.0,Alueron.gen!J
104.3984375,47.145479401819046,123.0,0.0,172.0,107.0,133.0,602.0,Alueron.gen!J
118.14990234375,31.409141502313275,125.0,0.0,169.0,114.0,135.0,180.0,Alueron.gen!J
117.9169921875,32.25270162400065,126.0,0.0,171.0,113.0,136.0,182.0,Alueron.gen!J
105.700439453125,45.692243467443475,123.0,0.0,174.0,107.0,133.0,581.0,Alueron.gen!J
104.041748046875,47.325640774095255,123.0,0.0,184.0,107.0,133.0,632.0,Alueron.gen!J
108.361572265625,43.98957149441622,125.0,0.0,163.0,113.0,133.0,547.0,Alueron.gen!J
106.229248046875,45.26141445748662,123.0,0.0,175.0,108.0,134.0,534.0,Alueron.gen!J
107.19482421875,44.63698666666511,124.0,0.0,169.0,110.0,134.0,550.0,Alueron.gen!J
105.615234375,46.043101435381374,123.0,0.0,169.0,108.0,133.0,597.0,Alueron.gen!J
104.708984375,47.116557571686045,123.0,0.0,169.0,107.0,134.0,614.0,Alueron.gen!J
105.770263671875,45.031143785969554,123.0,0.0,168.0,107.0,133.0,561.0,Alueron.gen!J
104.780029296875,46.6249235672874,124.0,0.0,172.0,108.0,133.0,585.0,Alueron.gen!J
118.705810546875,31.523330048256245,126.0,0.0,176.0,115.0,136.0,178.0,Alueron.gen!J
104.86474609375,46.602345234771654,123.0,0.0,167.0,108.0,133.0,602.0,Alueron.gen!J
103.103759765625,47.90763844943375,123.0,0.0,167.0,104.0,134.0,599.0,Alueron.gen!J
101.934814453125,48.52810979522697,122.0,0.0,168.0,103.0,133.0,690.0,Alueron.gen!J
104.414794921875,46.83473860388955,123.0,0.0,173.0,107.0,133.25,596.0,Alueron.gen!J
105.725341796875,46.34252782420356,123.0,0.0,185.0,107.0,134.0,539.0,Alueron.gen!J
107.626220703125,45.116534069663444,124.0,0.0,170.0,111.0,134.0,586.0,Alueron.gen!J
105.7880859375,46.331679507911915,124.0,0.0,192.0,108.0,134.0,560.0,Alueron.gen!J
105.38037109375,46.1897818010763,123.0,0.0,171.0,108.0,134.0,572.0,Alueron.gen!J
104.909912109375,46.13919305888528,123.0,0.0,175.0,107.0,133.0,569.0,Alueron.gen!J
105.109619140625,46.37846332725065,124.0,0.0,171.0,106.0,134.0,604.0,Alueron.gen!J
106.281982421875,45.12643725610718,123.0,0.0,173.0,107.0,133.0,550.0,Alueron.gen!J
106.025390625,45.59440155295837,123.0,0.0,174.0,107.0,134.0,531.0,Alueron.gen!J
104.869384765625,46.40052342836419,123.0,0.0,169.0,107.0,133.0,586.0,Alueron.gen!J
